customer_id,account_id,account_type,is_active,start_date,end_date
1001,d1d560b3,CHECKING,ACTIVE,2020-12-06,
1001,996c1d94,CREDIT,ACTIVE,2020-08-21,
1002,66525b46,CREDIT,ACTIVE,2022-02-16,
1002,d0d13c20,CREDIT,INACTIVE,2022-12-19,2025-04-08
1002,58b394fa,SAVINGS,ACTIVE,2020-04-26,
1003,f7484eef,SAVINGS,ACTIVE,2023-12-04,
1003,232bd072,SAVINGS,ACTIVE,2023-10-28,
1003,2ff0ae5c,CREDIT,ACTIVE,2021-07-25,
1004,b9ad79f4,CHECKING,INACTIVE,2021-02-21,2021-09-13
1004,05ef46dd,SAVINGS,INACTIVE,2021-04-26,2023-05-29
1005,a22c7b7a,SAVINGS,ACTIVE,2024-04-15,
1005,23c5f355,SAVINGS,ACTIVE,2022-07-19,
1006,c0b26d5e,SAVINGS,ACTIVE,2023-02-10,
1006,1457a655,CHECKING,ACTIVE,2023-10-25,
1006,dd267b00,CREDIT,ACTIVE,2025-02-24,
1007,7725e740,CREDIT,ACTIVE,2020-11-16,
1007,b920dc9d,CHECKING,INACTIVE,2023-06-16,2023-10-10
1007,17e3650a,CREDIT,ACTIVE,2025-01-28,
1008,b8b7202b,SAVINGS,ACTIVE,2022-11-22,
1008,bbe47d88,SAVINGS,ACTIVE,2022-10-10,
1008,770c999e,SAVINGS,ACTIVE,2024-06-04,
1009,c4ba8ae4,CREDIT,ACTIVE,2023-11-18,
1010,6131a775,SAVINGS,INACTIVE,2022-12-25,2023-07-26
1010,5ec413a2,SAVINGS,INACTIVE,2020-08-02,2022-03-22
1011,073cec94,SAVINGS,ACTIVE,2021-05-20,
1011,4461a5a1,CHECKING,ACTIVE,2025-05-23,
1011,568238d8,CHECKING,ACTIVE,2024-09-20,
1012,a2ecc68f,SAVINGS,ACTIVE,2024-06-23,
1012,ef9405e8,SAVINGS,ACTIVE,2022-12-28,
1013,827a14ea,CREDIT,ACTIVE,2022-03-17,
1013,0bff20c7,CREDIT,ACTIVE,2021-03-19,
1013,94cd8aad,CHECKING,ACTIVE,2025-07-14,
1014,43ea294b,CHECKING,ACTIVE,2021-10-31,
1014,2639eb40,SAVINGS,ACTIVE,2020-03-22,
1015,6569aef9,SAVINGS,ACTIVE,2020-12-21,
1015,becf0209,SAVINGS,ACTIVE,2022-05-27,
1015,4d6bf7b6,CREDIT,ACTIVE,2023-01-17,
1016,1eb8294f,SAVINGS,ACTIVE,2025-05-23,
1016,c5bb5344,CREDIT,ACTIVE,2023-04-08,
1017,706831a8,SAVINGS,INACTIVE,2025-05-10,2026-08-28
1017,051bb518,SAVINGS,ACTIVE,2020-10-23,
1018,48d9c0f1,SAVINGS,ACTIVE,2021-12-13,
1018,f125412a,SAVINGS,ACTIVE,2023-04-16,
1018,1dff4075,CHECKING,ACTIVE,2024-07-21,
1019,771b1038,CREDIT,ACTIVE,2025-05-13,
1019,78a2fa6c,CHECKING,ACTIVE,2022-10-29,
1020,82d4921e,SAVINGS,INACTIVE,2023-09-01,2024-09-18
1020,24faa09b,SAVINGS,ACTIVE,2022-02-19,
1021,4258de7e,CREDIT,ACTIVE,2021-02-22,
1021,1c032943,CHECKING,ACTIVE,2025-03-25,
1021,8c65b0a0,SAVINGS,INACTIVE,2025-03-05,2026-10-24
1022,4334e4a4,CHECKING,ACTIVE,2021-08-20,
1023,bbb542c1,CREDIT,ACTIVE,2021-02-11,
1023,fc958fb8,CHECKING,ACTIVE,2022-04-20,
1023,07820d9d,SAVINGS,ACTIVE,2024-05-09,
1024,a1031d2b,SAVINGS,ACTIVE,2024-10-24,
1024,4e4e3ac4,SAVINGS,ACTIVE,2022-11-18,
1024,4269a2ec,SAVINGS,ACTIVE,2025-07-09,
1025,9d295ad5,SAVINGS,ACTIVE,2023-06-20,
1025,d6d1cb6d,CREDIT,ACTIVE,2024-11-16,
1025,36a8a48e,CHECKING,INACTIVE,2020-04-26,2022-08-01
1026,19428c3a,SAVINGS,ACTIVE,2023-03-28,
1026,a7c355a1,SAVINGS,ACTIVE,2021-05-30,
1027,ea91433f,CHECKING,INACTIVE,2024-12-31,2027-01-26
1027,782eebc5,SAVINGS,INACTIVE,2024-01-24,2024-11-12
1028,e30178fe,CHECKING,ACTIVE,2023-08-11,
1028,06f73cef,CHECKING,ACTIVE,2022-08-06,
1029,2aed354d,CHECKING,ACTIVE,2023-11-25,
1029,8beb63ba,CREDIT,INACTIVE,2021-09-27,2022-03-12
1029,b909a0be,CREDIT,ACTIVE,2021-03-25,
1030,686fe242,CHECKING,INACTIVE,2023-05-25,2024-10-06
1030,9ae0ead5,SAVINGS,INACTIVE,2023-07-25,2025-08-10
1031,05b5b1e3,CHECKING,ACTIVE,2020-09-29,
1032,970ba624,SAVINGS,ACTIVE,2023-08-27,
1033,9748c74f,CREDIT,INACTIVE,2025-08-11,2027-12-02
1034,092e585a,CHECKING,ACTIVE,2023-01-27,
1035,c61a79ae,CREDIT,INACTIVE,2022-10-07,2023-10-05
1035,78595ea5,CREDIT,ACTIVE,2023-12-29,
1035,1b2b8b6e,SAVINGS,ACTIVE,2020-08-05,
1036,c4a86d26,CHECKING,INACTIVE,2024-02-08,2025-02-19
1036,486645a1,CHECKING,ACTIVE,2022-05-28,
1037,2889f15b,SAVINGS,INACTIVE,2024-09-11,2026-08-29
1037,46119312,SAVINGS,ACTIVE,2025-02-05,
1038,3dedcc1d,SAVINGS,INACTIVE,2022-03-12,2023-09-14
1039,f560eac4,CREDIT,ACTIVE,2022-08-12,
1040,bc2b8da9,CREDIT,ACTIVE,2025-01-14,
1041,b3601038,CHECKING,ACTIVE,2025-01-02,
1041,336d9bd0,CHECKING,INACTIVE,2020-08-29,2022-12-11
1042,2fc6443c,SAVINGS,ACTIVE,2023-10-28,
1042,774e0523,SAVINGS,ACTIVE,2021-05-30,
1042,98bba86f,CREDIT,ACTIVE,2024-12-10,
1043,295255bb,CREDIT,ACTIVE,2020-06-04,
1043,b523b4a0,SAVINGS,ACTIVE,2023-03-16,
1044,d6927876,SAVINGS,INACTIVE,2022-12-28,2023-11-23
1044,63af015a,CREDIT,INACTIVE,2023-02-25,2024-10-28
1044,2747fba5,CHECKING,ACTIVE,2022-09-26,
1045,f6e70b9e,SAVINGS,INACTIVE,2024-07-20,2024-11-16
1046,3dccbb04,SAVINGS,ACTIVE,2021-07-21,
1047,c22681eb,CHECKING,ACTIVE,2020-10-19,
1048,178f81f6,CREDIT,ACTIVE,2020-10-07,
1048,c88bea34,CHECKING,ACTIVE,2021-06-06,
1048,8f9e327d,CREDIT,ACTIVE,2020-09-26,
1049,60674fc3,CREDIT,ACTIVE,2024-02-11,
1050,f0e56f93,CHECKING,ACTIVE,2022-05-30,
1051,b3ff3bd4,SAVINGS,ACTIVE,2024-03-14,
1052,c02c7c03,SAVINGS,ACTIVE,2022-02-23,
1052,8530233d,CREDIT,ACTIVE,2024-01-22,
1053,49f0c578,CHECKING,ACTIVE,2020-05-23,
1053,87116bec,CREDIT,ACTIVE,2024-03-07,
1053,344f4ebb,CREDIT,ACTIVE,2025-03-19,
1054,1b9cd6af,SAVINGS,ACTIVE,2020-05-19,
1054,5d1f7e41,CHECKING,ACTIVE,2025-06-21,
1055,6e048866,SAVINGS,INACTIVE,2024-10-06,2025-07-13
1055,f84cf804,SAVINGS,ACTIVE,2022-10-29,
1055,d059d055,CHECKING,ACTIVE,2023-03-18,
1056,7439eb36,CHECKING,INACTIVE,2022-01-21,2023-11-23
1056,a9e6e32c,CHECKING,INACTIVE,2024-06-18,2025-12-19
1056,186788d6,CREDIT,INACTIVE,2023-04-29,2025-03-18
1057,7499a1c4,SAVINGS,ACTIVE,2020-10-24,
1058,2d77f8b3,CHECKING,ACTIVE,2025-04-16,
1058,24aa7316,SAVINGS,ACTIVE,2024-10-01,
1059,090eef1e,SAVINGS,ACTIVE,2023-02-11,
1059,afcf5b10,CREDIT,ACTIVE,2020-08-12,
1059,83bcfa46,SAVINGS,ACTIVE,2024-05-28,
1060,c66674bc,CREDIT,ACTIVE,2025-03-16,
1061,cde304d3,SAVINGS,ACTIVE,2023-02-27,
1062,f8c974be,CREDIT,ACTIVE,2021-09-10,
1062,c973bee6,CREDIT,ACTIVE,2025-07-25,
1063,3a06c236,SAVINGS,ACTIVE,2025-01-20,
1064,4caee9d7,CREDIT,ACTIVE,2023-05-23,
1065,b9484ecf,SAVINGS,ACTIVE,2025-07-03,
1066,aa36a765,SAVINGS,ACTIVE,2021-08-29,
1066,21f9f35f,SAVINGS,ACTIVE,2024-09-26,
1067,c4fb8d9c,SAVINGS,ACTIVE,2023-08-22,
1068,a0044fb5,CHECKING,ACTIVE,2020-05-08,
1068,1f12772e,CREDIT,ACTIVE,2025-08-12,
1069,bb13813a,CHECKING,ACTIVE,2020-07-06,
1069,6d43ce43,CREDIT,INACTIVE,2021-04-15,2023-05-15
1070,c9d79d7f,CREDIT,ACTIVE,2020-04-17,
1071,a727fd87,CHECKING,ACTIVE,2024-05-31,
1072,7026e431,CREDIT,ACTIVE,2021-12-04,
1073,8e6b0dbf,CREDIT,ACTIVE,2021-02-03,
1074,4c5b7f46,CREDIT,INACTIVE,2023-07-08,2024-09-04
1074,1136bff4,CREDIT,INACTIVE,2020-08-11,2021-02-17
1075,8990a2a8,CHECKING,ACTIVE,2021-02-23,
1075,4e5d8cd9,CREDIT,ACTIVE,2020-07-10,
1076,9e25bdf9,CREDIT,ACTIVE,2024-01-03,
1077,31990dd2,CHECKING,ACTIVE,2024-07-23,
1078,a988958f,CREDIT,ACTIVE,2022-07-06,
1078,81c97b9b,CREDIT,ACTIVE,2022-03-07,
1079,1285528b,SAVINGS,ACTIVE,2025-03-05,
1079,2ee53729,CREDIT,ACTIVE,2024-07-25,
1080,b7e2de1d,CREDIT,ACTIVE,2025-03-07,
1080,a3a060cb,CREDIT,ACTIVE,2021-03-31,
1081,d65b2383,CREDIT,ACTIVE,2025-05-05,
1081,77b27694,CREDIT,ACTIVE,2024-12-05,
1082,4a494599,CREDIT,ACTIVE,2023-04-19,
1082,2278a509,CREDIT,INACTIVE,2020-08-28,2023-03-15
1083,ef7f161d,CHECKING,INACTIVE,2020-03-28,2022-08-30
1083,a4e24ead,CHECKING,ACTIVE,2024-05-25,
1083,29b53987,CHECKING,INACTIVE,2021-10-14,2024-01-21
1084,1c690bbd,SAVINGS,ACTIVE,2020-11-09,
1085,df8f19f1,SAVINGS,ACTIVE,2025-01-24,
1085,2bb045a5,CHECKING,ACTIVE,2021-04-18,
1085,e5980190,CREDIT,ACTIVE,2024-09-18,
1086,387234d3,CREDIT,ACTIVE,2023-05-03,
1086,7fb30eeb,CHECKING,ACTIVE,2024-08-23,
1087,16f278ba,CHECKING,INACTIVE,2023-09-02,2025-10-13
1087,add7efa6,CHECKING,ACTIVE,2020-10-29,
1087,097a6350,CHECKING,ACTIVE,2024-06-25,
1088,c2109dda,CREDIT,ACTIVE,2022-03-17,
1088,9e45cf2d,CHECKING,INACTIVE,2021-04-24,2022-03-25
1089,a9c007eb,SAVINGS,ACTIVE,2022-04-19,
1090,86727c05,SAVINGS,ACTIVE,2022-12-06,
1090,764d3e48,CHECKING,ACTIVE,2022-09-07,
1090,cd946ed2,CREDIT,ACTIVE,2023-03-12,
1091,d7ddd041,CHECKING,ACTIVE,2023-11-16,
1091,601c079b,SAVINGS,ACTIVE,2021-09-16,
1092,701a9c99,CHECKING,ACTIVE,2025-06-10,
1093,fad217b3,CREDIT,ACTIVE,2020-12-21,
1093,212d8f84,SAVINGS,ACTIVE,2020-10-07,
1094,b5877d45,SAVINGS,INACTIVE,2023-03-30,2025-01-18
1094,16a63553,CHECKING,ACTIVE,2022-02-18,
1095,5e9974e2,SAVINGS,ACTIVE,2024-04-01,
1096,a88f8ef8,SAVINGS,ACTIVE,2025-01-31,
1096,2463bbd2,CHECKING,INACTIVE,2024-12-20,2025-07-11
1097,e17a7873,SAVINGS,INACTIVE,2022-02-08,2023-09-20
1097,74ef35dc,CREDIT,ACTIVE,2022-01-15,
1097,a1e73544,CREDIT,ACTIVE,2022-03-13,
1098,2d95277c,SAVINGS,ACTIVE,2022-02-22,
1099,e7046ce0,SAVINGS,INACTIVE,2020-05-20,2022-10-19
1100,07ea3ad6,CHECKING,ACTIVE,2025-04-15,
1101,e5735770,CHECKING,ACTIVE,2025-01-17,
1101,a1f47afb,SAVINGS,ACTIVE,2020-06-20,
1101,f594ccd1,CHECKING,ACTIVE,2023-12-06,
1102,53d0efc6,SAVINGS,ACTIVE,2020-07-30,
1103,da905b70,SAVINGS,ACTIVE,2021-12-15,
1103,0d1c8118,SAVINGS,ACTIVE,2021-04-14,
1104,645ace23,SAVINGS,ACTIVE,2024-02-22,
1104,fbc3dc2f,CREDIT,ACTIVE,2020-05-11,
1105,2b67ca5b,CREDIT,INACTIVE,2022-09-20,2023-06-30
1105,e08fd5d6,CREDIT,ACTIVE,2022-01-05,
1106,e75dded6,CREDIT,ACTIVE,2024-10-30,
1107,b4a2b076,CREDIT,INACTIVE,2020-04-28,2021-02-13
1108,7d1b4e9a,CREDIT,ACTIVE,2021-09-01,
1108,ca4ba365,CHECKING,ACTIVE,2020-12-12,
1109,02348e3d,SAVINGS,ACTIVE,2020-09-27,
1110,304cb846,CREDIT,ACTIVE,2023-11-04,
1111,a55ddf7b,CHECKING,INACTIVE,2025-05-14,2027-03-14
1111,32b0c775,SAVINGS,INACTIVE,2022-04-20,2023-09-06
1112,50942f7d,SAVINGS,ACTIVE,2024-09-29,
1112,d244f342,CHECKING,ACTIVE,2022-04-10,
1113,2fb8d8e6,CREDIT,ACTIVE,2025-04-21,
1113,09b2e130,SAVINGS,ACTIVE,2021-03-02,
1113,25608d6d,CHECKING,ACTIVE,2024-10-23,
1114,392cf98f,SAVINGS,ACTIVE,2021-11-08,
1115,6c1a40cf,CREDIT,ACTIVE,2023-07-22,
1115,da8b0320,CHECKING,ACTIVE,2020-08-01,
1115,1695611e,SAVINGS,ACTIVE,2024-03-12,
1116,4d3f842b,CHECKING,ACTIVE,2021-09-23,
1117,d5ff50b2,CHECKING,INACTIVE,2023-06-26,2025-12-12
1117,4705c09a,CREDIT,ACTIVE,2025-07-01,
1117,45b63851,CREDIT,ACTIVE,2024-03-29,
1118,a3eaa83e,SAVINGS,ACTIVE,2023-10-29,
1118,e166ab4e,CREDIT,ACTIVE,2023-04-12,
1118,63cbaecd,CHECKING,ACTIVE,2022-08-29,
1119,799af64a,CHECKING,ACTIVE,2021-04-02,
1120,ed40c79e,CREDIT,ACTIVE,2021-09-22,
1120,b4790278,CREDIT,INACTIVE,2021-10-24,2022-03-09
1120,f7fe6bb2,SAVINGS,ACTIVE,2020-10-15,
1121,149e1ff6,CREDIT,ACTIVE,2022-04-08,
1122,477ab122,CHECKING,ACTIVE,2025-08-11,
1122,bdf2e70d,SAVINGS,ACTIVE,2020-04-16,
1122,9f83c535,SAVINGS,ACTIVE,2022-08-06,
1123,43c4103e,CREDIT,ACTIVE,2025-07-16,
1123,326e09a0,CREDIT,ACTIVE,2022-03-03,
1124,bb41fe2e,CREDIT,ACTIVE,2020-04-09,
1124,1dafac32,CHECKING,INACTIVE,2024-04-20,2026-11-22
1125,49df5fe7,SAVINGS,ACTIVE,2022-09-01,
1126,0aec890f,CREDIT,ACTIVE,2020-06-12,
1126,029a7c91,CHECKING,ACTIVE,2023-07-26,
1126,4105f6c6,CREDIT,ACTIVE,2022-05-31,
1127,6d571623,CHECKING,ACTIVE,2025-07-22,
1127,f678156f,SAVINGS,ACTIVE,2023-01-27,
1127,2100f4d6,CREDIT,ACTIVE,2023-03-07,
1128,eab2e982,SAVINGS,ACTIVE,2023-01-11,
1129,15564194,SAVINGS,ACTIVE,2024-03-09,
1129,a969b1e9,CHECKING,INACTIVE,2024-04-30,2025-03-28
1130,5b28c2f6,CREDIT,ACTIVE,2023-03-08,
1131,0895e5e0,CREDIT,ACTIVE,2022-09-27,
1132,1f506339,CREDIT,ACTIVE,2021-07-03,
1132,7ec212b6,CHECKING,INACTIVE,2021-09-22,2023-05-10
1133,a41a9f31,CREDIT,ACTIVE,2020-10-03,
1133,ce438790,SAVINGS,ACTIVE,2020-08-26,
1133,a96f5fd4,CREDIT,ACTIVE,2020-11-17,
1134,fb93559d,CHECKING,ACTIVE,2023-11-30,
1134,15e8dc44,SAVINGS,ACTIVE,2021-01-19,
1135,45f447e8,SAVINGS,ACTIVE,2024-03-02,
1136,8817ce89,CHECKING,ACTIVE,2023-12-30,
1136,6d40b28f,SAVINGS,ACTIVE,2022-01-25,
1137,f70b8f64,SAVINGS,ACTIVE,2020-07-10,
1137,b24a725f,CHECKING,ACTIVE,2021-12-28,
1137,1aaab085,CHECKING,ACTIVE,2024-03-09,
1138,5045b504,CHECKING,ACTIVE,2021-06-07,
1138,e178f286,SAVINGS,ACTIVE,2024-08-09,
1138,ca0c4018,CHECKING,ACTIVE,2020-09-01,
1139,fe5aaa67,SAVINGS,INACTIVE,2020-09-04,2021-02-19
1139,a5f74af8,CREDIT,ACTIVE,2023-11-23,
1139,75911206,CHECKING,INACTIVE,2024-04-21,2026-03-11
1140,e97c00a4,CHECKING,ACTIVE,2024-06-19,
1140,dac010f9,SAVINGS,ACTIVE,2021-05-07,
1140,fce9a00f,CHECKING,ACTIVE,2022-02-01,
1141,67ad97eb,CHECKING,INACTIVE,2020-04-09,2020-07-28
1142,8eae652b,CHECKING,ACTIVE,2023-02-23,
1143,30484c18,SAVINGS,ACTIVE,2024-12-09,
1143,57365fb4,CHECKING,ACTIVE,2025-02-27,
1144,e23f1f2c,CHECKING,INACTIVE,2024-01-31,2024-12-23
1144,dfd40cd7,SAVINGS,ACTIVE,2020-12-04,
1145,47add560,CREDIT,ACTIVE,2022-03-24,
1145,67818534,CREDIT,ACTIVE,2025-07-15,
1145,08217677,CHECKING,ACTIVE,2025-02-25,
1146,c41c305d,SAVINGS,ACTIVE,2023-10-07,
1146,41345aa9,CHECKING,ACTIVE,2020-10-04,
1147,e1ee6f9e,CHECKING,ACTIVE,2021-08-31,
1148,5285ec82,CHECKING,ACTIVE,2021-05-13,
1149,f0e3c58f,CREDIT,ACTIVE,2023-07-25,
1149,16e3d09a,CREDIT,ACTIVE,2025-04-03,
1149,59334fc1,CREDIT,ACTIVE,2020-04-23,
1150,00636371,SAVINGS,ACTIVE,2021-02-01,
1151,93501660,SAVINGS,ACTIVE,2020-05-19,
1152,7e10551b,CHECKING,ACTIVE,2024-07-15,
1153,c65b5bd7,SAVINGS,ACTIVE,2022-07-23,
1153,9aa0ca62,CHECKING,INACTIVE,2023-08-18,2024-02-17
1153,223540d4,CREDIT,INACTIVE,2024-07-31,2025-03-13
1154,66c11f2b,CHECKING,ACTIVE,2023-05-17,
1154,95feac05,SAVINGS,ACTIVE,2024-08-15,
1155,c65f1389,CREDIT,ACTIVE,2023-11-09,
1156,e1328c69,SAVINGS,ACTIVE,2020-09-13,
1156,30cd7847,SAVINGS,ACTIVE,2022-02-25,
1156,02bac055,CREDIT,ACTIVE,2024-10-16,
1157,4711170a,CREDIT,ACTIVE,2024-06-10,
1157,9bb25991,CREDIT,ACTIVE,2022-01-05,
1158,6a6d5ece,CREDIT,ACTIVE,2024-04-12,
1158,1864518e,SAVINGS,ACTIVE,2021-06-05,
1159,ef289bb9,SAVINGS,ACTIVE,2022-11-10,
1159,3853d88d,CREDIT,ACTIVE,2020-11-08,
1160,45f42cab,SAVINGS,ACTIVE,2023-01-04,
1160,bb62983e,SAVINGS,ACTIVE,2025-01-12,
1160,ae3a9a49,CREDIT,INACTIVE,2020-09-24,2023-03-30
1161,3a38af3a,SAVINGS,ACTIVE,2023-05-08,
1161,b02619a9,SAVINGS,ACTIVE,2024-04-10,
1162,b8b98389,CHECKING,ACTIVE,2024-10-19,
1162,1558045c,CHECKING,ACTIVE,2021-03-23,
1163,62f655ec,SAVINGS,ACTIVE,2024-04-04,
1164,63b1b881,CREDIT,ACTIVE,2023-12-08,
1164,53cab2d5,CREDIT,ACTIVE,2025-04-05,
1164,b8fac0af,CHECKING,ACTIVE,2023-12-03,
1165,e3fdc670,SAVINGS,ACTIVE,2020-04-04,
1165,0ec1d10e,CHECKING,ACTIVE,2022-09-19,
1166,d312ea50,CREDIT,ACTIVE,2020-11-24,
1166,14c2113b,CHECKING,ACTIVE,2024-11-30,
1166,43fa9446,SAVINGS,ACTIVE,2024-12-16,
1167,639965e0,CHECKING,ACTIVE,2020-11-14,
1168,37971e1b,SAVINGS,ACTIVE,2022-11-30,
1168,9412e873,CREDIT,ACTIVE,2020-05-04,
1169,eef15791,CREDIT,ACTIVE,2024-09-13,
1170,3c3ccb6e,CHECKING,ACTIVE,2020-08-12,
1170,cad3a855,CREDIT,ACTIVE,2023-11-25,
1170,f71c2d99,SAVINGS,ACTIVE,2024-04-09,
1171,841386e0,CREDIT,ACTIVE,2021-04-27,
1172,be98207e,CHECKING,ACTIVE,2021-05-02,
1172,05268b74,SAVINGS,INACTIVE,2025-03-24,2025-09-21
1173,9a340981,CHECKING,ACTIVE,2024-07-19,
1174,96b1151f,SAVINGS,ACTIVE,2022-10-07,
1174,152c23f7,SAVINGS,ACTIVE,2025-07-11,
1174,9513f86c,CREDIT,ACTIVE,2021-05-06,
1175,059bda43,CHECKING,ACTIVE,2025-03-06,
1176,a79fd879,SAVINGS,ACTIVE,2021-06-29,
1177,e65b16e8,CHECKING,ACTIVE,2024-07-11,
1177,7685ea29,SAVINGS,ACTIVE,2021-08-08,
1177,5443cf11,SAVINGS,ACTIVE,2023-09-02,
1178,5adc5a72,SAVINGS,ACTIVE,2022-01-30,
1179,1180dde4,CHECKING,ACTIVE,2022-10-14,
1179,8d91d43a,SAVINGS,ACTIVE,2023-01-29,
1180,d43a9afb,SAVINGS,ACTIVE,2021-03-19,
1181,0d223ae8,CREDIT,INACTIVE,2025-01-28,2025-10-19
1181,df8c6e28,CREDIT,ACTIVE,2020-11-03,
1182,14e281c9,CREDIT,ACTIVE,2024-10-06,
1182,0e499c45,CHECKING,ACTIVE,2020-06-03,
1183,63105028,CREDIT,ACTIVE,2025-08-09,
1183,f9cae46e,CHECKING,ACTIVE,2025-04-07,
1184,933b8364,CHECKING,ACTIVE,2022-02-10,
1185,8d34402c,CREDIT,ACTIVE,2021-03-16,
1185,74315c68,SAVINGS,ACTIVE,2021-06-19,
1186,fe083c0e,CREDIT,ACTIVE,2023-02-27,
1186,c4be9098,CREDIT,ACTIVE,2021-10-04,
1186,6ae3b808,CREDIT,ACTIVE,2025-01-22,
1187,2472e3b1,SAVINGS,ACTIVE,2024-11-06,
1188,65f81956,SAVINGS,ACTIVE,2022-07-29,
1189,20a345d5,SAVINGS,ACTIVE,2024-09-29,
1189,bc4fdccf,SAVINGS,ACTIVE,2021-11-29,
1189,764908da,CREDIT,ACTIVE,2025-05-23,
1190,1aac3088,CREDIT,ACTIVE,2022-02-27,
1190,ac1215ad,CHECKING,ACTIVE,2021-03-21,
1190,cd5c917b,CREDIT,ACTIVE,2023-08-31,
1191,4413acee,CHECKING,ACTIVE,2024-03-07,
1191,025788c3,CHECKING,ACTIVE,2025-02-16,
1191,79ade448,CHECKING,ACTIVE,2021-09-07,
1192,c97de3a2,SAVINGS,ACTIVE,2025-08-03,
1193,f9685b7b,CREDIT,ACTIVE,2023-01-23,
1193,8d09d025,CHECKING,ACTIVE,2022-12-09,
1193,f4cd3462,CREDIT,ACTIVE,2022-02-18,
1194,cf016455,CHECKING,ACTIVE,2024-04-30,
1194,a37e796b,SAVINGS,ACTIVE,2024-02-02,
1194,1af0409e,CHECKING,ACTIVE,2022-06-23,
1195,47bfae21,SAVINGS,ACTIVE,2024-05-06,
1195,2ff43eb6,CHECKING,ACTIVE,2021-04-02,
1196,a019fa2a,CREDIT,ACTIVE,2021-12-02,
1196,e6621b43,CHECKING,ACTIVE,2022-10-02,
1196,9503708a,SAVINGS,ACTIVE,2021-09-11,
1197,610d4e9d,SAVINGS,ACTIVE,2022-06-16,
1198,540a2e15,CHECKING,ACTIVE,2022-08-06,
1199,2c591922,CHECKING,ACTIVE,2022-08-28,
1200,38b7ee6f,SAVINGS,ACTIVE,2023-01-15,
1200,c9060eac,CREDIT,ACTIVE,2023-05-20,
1201,a6c8c84e,CHECKING,ACTIVE,2021-02-05,
1201,3b7b5e00,CHECKING,INACTIVE,2025-07-22,2026-07-18
1201,38827b0d,CREDIT,ACTIVE,2023-03-07,
1202,2b716065,CREDIT,ACTIVE,2023-04-19,
1203,05abf8bb,SAVINGS,ACTIVE,2022-10-14,
1203,e1515ed5,CHECKING,ACTIVE,2023-04-10,
1204,0d63329b,SAVINGS,ACTIVE,2023-03-03,
1205,3f5aefb5,CHECKING,ACTIVE,2025-06-06,
1205,01ab5171,CREDIT,INACTIVE,2022-08-25,2024-06-07
1206,b7cd909a,SAVINGS,ACTIVE,2025-07-15,
1206,f99a8b0b,SAVINGS,ACTIVE,2022-06-01,
1206,d090bbea,CREDIT,ACTIVE,2021-08-31,
1207,dd65299a,CHECKING,ACTIVE,2022-04-30,
1207,68e844bb,SAVINGS,ACTIVE,2020-12-15,
1207,8e5318ed,SAVINGS,ACTIVE,2021-07-20,
1208,845b4f7a,CREDIT,ACTIVE,2023-03-23,
1209,876cf55c,CREDIT,INACTIVE,2022-02-23,2024-05-15
1209,3e2cf205,CHECKING,ACTIVE,2021-06-09,
1210,cdb12ee1,CHECKING,ACTIVE,2021-10-08,
1211,eba9fc42,CREDIT,ACTIVE,2025-03-23,
1211,846614bb,CHECKING,ACTIVE,2021-04-13,
1212,46fe668b,SAVINGS,ACTIVE,2024-06-17,
1212,840a767b,CREDIT,ACTIVE,2023-09-25,
1212,cb15c76c,CHECKING,ACTIVE,2021-06-28,
1213,fb4fa317,SAVINGS,INACTIVE,2020-06-10,2020-10-07
1213,6d998771,SAVINGS,ACTIVE,2024-09-24,
1214,fb9e3102,SAVINGS,ACTIVE,2023-02-17,
1215,c7815c6d,CHECKING,ACTIVE,2024-07-11,
1216,16732ff2,CHECKING,ACTIVE,2024-03-06,
1217,db6a37d7,CREDIT,ACTIVE,2023-06-29,
1217,69acf320,CHECKING,ACTIVE,2020-06-21,
1217,11e066cf,CHECKING,ACTIVE,2021-09-29,
1218,1a64c5c4,CHECKING,ACTIVE,2023-11-03,
1218,5f8575f8,CREDIT,ACTIVE,2021-02-05,
1219,d9d8e680,CREDIT,ACTIVE,2022-01-13,
1219,9047dfff,CREDIT,ACTIVE,2022-10-18,
1219,0e7f3216,CHECKING,ACTIVE,2024-03-05,
1220,17a58a44,CREDIT,ACTIVE,2022-06-27,
1220,501459bf,CREDIT,INACTIVE,2023-10-12,2024-03-01
1221,ef7b61bf,CREDIT,ACTIVE,2024-02-02,
1221,77b3afca,CHECKING,ACTIVE,2021-10-28,
1221,4b248dff,CHECKING,INACTIVE,2022-04-01,2023-05-09
1222,1a765b7a,CREDIT,ACTIVE,2024-04-10,
1222,c3a3973a,CREDIT,ACTIVE,2024-10-19,
1223,b9455eab,CREDIT,ACTIVE,2024-04-15,
1224,587db842,CHECKING,ACTIVE,2023-11-13,
1225,2ae6f96d,CHECKING,ACTIVE,2024-07-20,
1226,50e66eb1,CREDIT,ACTIVE,2021-08-04,
1226,941a255a,CHECKING,ACTIVE,2020-10-01,
1227,0bf3b1d9,SAVINGS,ACTIVE,2022-06-23,
1227,c6f8101d,CHECKING,ACTIVE,2020-05-25,
1228,302c2dc8,CHECKING,ACTIVE,2023-03-03,
1228,1b32653e,CREDIT,ACTIVE,2021-05-13,
1228,11978036,SAVINGS,ACTIVE,2024-09-13,
1229,ace6552f,CREDIT,ACTIVE,2024-11-28,
1229,918520be,CREDIT,ACTIVE,2024-12-16,
1229,cd8bb7b3,CHECKING,ACTIVE,2021-08-30,
1230,e4c80009,CREDIT,ACTIVE,2021-01-26,
1231,5f3cb236,CREDIT,ACTIVE,2022-01-31,
1231,5092faf9,CREDIT,ACTIVE,2022-10-14,
1232,b20dd356,CHECKING,INACTIVE,2024-05-24,2026-06-02
1233,5250061b,CHECKING,ACTIVE,2021-02-07,
1233,ec86851f,CHECKING,INACTIVE,2024-05-06,2027-01-25
1233,5e53933f,CREDIT,ACTIVE,2020-07-18,
1234,9d7e6895,CHECKING,ACTIVE,2024-05-20,
1234,a154c712,CREDIT,ACTIVE,2024-01-14,
1234,0c1f5083,SAVINGS,ACTIVE,2025-01-19,
1235,caf4a4fa,CREDIT,ACTIVE,2020-08-25,
1236,c244987f,CHECKING,ACTIVE,2024-10-23,
1236,51c9aa98,CHECKING,ACTIVE,2020-09-30,
1236,bce630f5,CHECKING,ACTIVE,2020-09-21,
1237,fbc703f7,CHECKING,ACTIVE,2023-09-29,
1237,6ebf0a4a,CHECKING,ACTIVE,2020-10-20,
1237,fae0d9b6,SAVINGS,ACTIVE,2021-02-10,
1238,825f8dcf,CHECKING,ACTIVE,2020-06-09,
1239,504a1329,SAVINGS,ACTIVE,2021-02-02,
1239,1d11c276,CHECKING,ACTIVE,2021-05-06,
1240,3633f554,CREDIT,ACTIVE,2020-12-30,
1240,70fc5e5e,CREDIT,ACTIVE,2021-06-01,
1241,05c6a7ea,CHECKING,ACTIVE,2024-05-09,
1241,5f04f36b,CHECKING,ACTIVE,2024-08-21,
1241,25a75e08,CHECKING,ACTIVE,2020-04-18,
1242,21d02a10,SAVINGS,ACTIVE,2022-04-14,
1243,5096313a,CHECKING,ACTIVE,2025-02-01,
1243,d3a0f36a,CREDIT,ACTIVE,2022-05-10,
1244,3e48919b,CREDIT,ACTIVE,2020-10-26,
1245,8cbf0b57,CHECKING,ACTIVE,2020-11-15,
1245,b1f00f45,CREDIT,ACTIVE,2023-01-08,
1246,e39b9d8c,CHECKING,ACTIVE,2021-03-29,
1247,deb86353,CHECKING,ACTIVE,2020-09-08,
1247,e5ffcbc5,SAVINGS,ACTIVE,2023-02-19,
1248,d8810f83,SAVINGS,ACTIVE,2024-07-10,
1249,15d7d29e,CREDIT,INACTIVE,2025-07-14,2026-03-12
1250,d8502dd5,CHECKING,ACTIVE,2021-10-18,
1250,3dcfaab1,CREDIT,ACTIVE,2021-05-12,
1251,1a40a034,CREDIT,INACTIVE,2021-07-30,2024-04-18
1252,d1b863c1,SAVINGS,ACTIVE,2021-04-05,
1253,7d431bce,CREDIT,ACTIVE,2025-06-01,
1254,16306c2f,CREDIT,INACTIVE,2024-01-31,2024-12-08
1254,62d10cfe,CREDIT,ACTIVE,2022-08-31,
1255,aa03ea55,CREDIT,INACTIVE,2023-09-12,2024-04-13
1255,d80c12ea,CHECKING,ACTIVE,2022-04-14,
1256,ccd58c50,CREDIT,ACTIVE,2022-12-07,
1256,137c5416,CREDIT,ACTIVE,2025-03-24,
1256,07bf9738,CHECKING,ACTIVE,2023-03-13,
1257,c734e845,CREDIT,ACTIVE,2023-07-20,
1258,c0ba52e6,CHECKING,ACTIVE,2022-02-15,
1259,558fc2df,SAVINGS,INACTIVE,2020-05-04,2020-12-18
1259,b7157501,SAVINGS,INACTIVE,2024-10-28,2026-11-21
1259,d43770da,CREDIT,INACTIVE,2020-06-24,2023-02-09
1260,ca9ccc19,CHECKING,INACTIVE,2025-05-09,2026-05-15
1260,b4254924,CREDIT,ACTIVE,2021-10-11,
1260,1d528058,SAVINGS,ACTIVE,2025-03-01,
1261,20c1c6d3,CREDIT,ACTIVE,2022-01-03,
1262,9a3bd6e0,SAVINGS,ACTIVE,2025-01-16,
1262,50feb029,CHECKING,ACTIVE,2021-12-18,
1262,d55eafc6,SAVINGS,ACTIVE,2021-10-14,
1263,00b311e8,SAVINGS,ACTIVE,2023-03-20,
1264,a12c488c,SAVINGS,ACTIVE,2023-11-25,
1265,8a405af3,SAVINGS,ACTIVE,2022-10-03,
1266,8e011b20,CREDIT,ACTIVE,2022-04-21,
1267,daacb2d2,CREDIT,ACTIVE,2024-08-27,
1267,5882331f,CHECKING,ACTIVE,2025-07-17,
1267,fe7f9de6,SAVINGS,ACTIVE,2023-12-23,
1268,aac7a990,CHECKING,ACTIVE,2021-06-08,
1269,e9cd7534,CREDIT,ACTIVE,2022-11-22,
1270,d875b9cf,CREDIT,ACTIVE,2021-06-15,
1270,7f833752,CHECKING,ACTIVE,2025-01-31,
1271,dc0d1dd9,CHECKING,ACTIVE,2023-12-04,
1271,efb13b7a,SAVINGS,ACTIVE,2023-10-09,
1272,da96b03b,CHECKING,ACTIVE,2023-12-30,
1272,1444cbd8,CREDIT,ACTIVE,2024-08-03,
1272,cd3bb8da,SAVINGS,ACTIVE,2022-12-09,
1273,a23e5489,CREDIT,ACTIVE,2025-02-09,
1273,61af8c43,SAVINGS,ACTIVE,2025-01-10,
1274,43a6b7ee,CREDIT,ACTIVE,2023-05-10,
1274,244ce511,CHECKING,ACTIVE,2024-05-28,
1274,6972e1a6,SAVINGS,ACTIVE,2021-05-15,
1275,7000e325,SAVINGS,INACTIVE,2021-07-21,2024-03-24
1275,3b50ae07,CREDIT,ACTIVE,2021-02-12,
1275,b1648732,SAVINGS,ACTIVE,2020-07-16,
1276,6a3c6054,CHECKING,ACTIVE,2021-11-04,
1277,a9d2b5bf,CREDIT,ACTIVE,2022-09-08,
1278,486b2722,SAVINGS,ACTIVE,2020-08-29,
1278,b9d4e355,CHECKING,INACTIVE,2021-07-29,2022-03-19
1278,f230a35f,CREDIT,ACTIVE,2023-01-12,
1279,76f085b3,CREDIT,ACTIVE,2021-02-16,
1279,cef1f481,CHECKING,ACTIVE,2023-04-05,
1280,e034d92f,CHECKING,ACTIVE,2020-05-15,
1280,c4792d45,SAVINGS,ACTIVE,2020-05-09,
1281,853b1078,CHECKING,ACTIVE,2020-12-15,
1281,4e05ff9b,CREDIT,ACTIVE,2025-07-31,
1281,92b8759c,CHECKING,ACTIVE,2024-08-17,
1282,461fa192,SAVINGS,ACTIVE,2022-12-22,
1283,5db88c63,CREDIT,INACTIVE,2023-11-12,2024-05-30
1283,4990a639,SAVINGS,ACTIVE,2023-06-28,
1284,a9fcfec1,CREDIT,ACTIVE,2023-11-27,
1284,f3edfb14,CHECKING,ACTIVE,2021-09-03,
1285,0a08c631,SAVINGS,ACTIVE,2020-03-25,
1285,03d0da6d,CHECKING,INACTIVE,2021-07-10,2021-12-05
1285,95d83a09,SAVINGS,ACTIVE,2021-03-24,
1286,128eb5bc,CHECKING,ACTIVE,2020-09-30,
1287,6919acb2,CHECKING,ACTIVE,2022-09-07,
1287,2cb28fa6,CHECKING,ACTIVE,2021-03-30,
1287,d2c5c18b,CREDIT,ACTIVE,2023-01-22,
1288,e869d9b6,SAVINGS,INACTIVE,2022-02-16,2023-10-10
1288,f8e62c76,CREDIT,ACTIVE,2023-12-20,
1288,66ac144c,CHECKING,ACTIVE,2020-04-07,
1289,f0bc61f4,CHECKING,ACTIVE,2024-12-22,
1289,ebb0a7ca,CHECKING,ACTIVE,2021-05-25,
1290,16719ade,CREDIT,ACTIVE,2024-10-03,
1290,85e9419c,CHECKING,ACTIVE,2025-07-23,
1291,a2ec45d8,CHECKING,ACTIVE,2024-01-06,
1291,4476d622,CREDIT,ACTIVE,2022-07-03,
1291,889b863f,CREDIT,ACTIVE,2021-11-05,
1292,6c690a22,SAVINGS,ACTIVE,2022-02-11,
1293,a69606f8,SAVINGS,ACTIVE,2023-01-27,
1293,e088bbd1,CREDIT,ACTIVE,2025-04-26,
1293,3729944c,SAVINGS,ACTIVE,2020-03-24,
1294,617d26f5,CHECKING,ACTIVE,2020-03-29,
1295,77daf75a,CHECKING,ACTIVE,2024-10-29,
1295,baea2a56,CREDIT,ACTIVE,2020-12-12,
1295,ee7959ab,CHECKING,ACTIVE,2020-07-19,
1296,9a08d688,SAVINGS,INACTIVE,2020-07-14,2022-10-07
1297,6b28a1f7,CHECKING,ACTIVE,2022-11-06,
1298,8d4d2040,SAVINGS,ACTIVE,2024-11-28,
1299,7fe8be8c,SAVINGS,ACTIVE,2025-02-17,
1299,d33e8782,CREDIT,ACTIVE,2022-06-07,
1300,f183d497,CREDIT,ACTIVE,2025-01-03,
1301,ef05c0d5,SAVINGS,ACTIVE,2022-06-17,
1301,a1f38132,CHECKING,ACTIVE,2024-08-20,
1301,b72b068e,CHECKING,INACTIVE,2024-10-04,2027-05-16
1302,015341a5,CHECKING,ACTIVE,2025-01-16,
1303,b1f4c3be,CHECKING,ACTIVE,2024-03-28,
1303,dc6f9e5d,CREDIT,ACTIVE,2023-10-08,
1303,f2ccd631,CHECKING,ACTIVE,2022-10-25,
1304,fe26752f,CREDIT,ACTIVE,2021-01-13,
1304,dd28ba7c,CREDIT,ACTIVE,2021-04-19,
1304,94bfde3d,SAVINGS,ACTIVE,2022-07-09,
1305,b9a25626,CHECKING,ACTIVE,2023-08-01,
1305,5f28d823,CHECKING,INACTIVE,2023-01-04,2023-09-09
1306,1aaea37d,CHECKING,ACTIVE,2020-05-15,
1306,ff0cc37e,CREDIT,ACTIVE,2023-11-17,
1307,441aaf07,CHECKING,ACTIVE,2022-08-10,
1308,0a7c1820,CHECKING,INACTIVE,2024-03-16,2025-02-22
1308,299f2f0d,SAVINGS,INACTIVE,2021-06-06,2023-01-22
1309,2ffc2159,CHECKING,ACTIVE,2020-11-26,
1310,0ed7816e,CHECKING,ACTIVE,2020-03-25,
1311,80bf99f6,SAVINGS,ACTIVE,2021-08-26,
1311,383dd853,CREDIT,ACTIVE,2023-05-29,
1312,0a6b97ea,CHECKING,ACTIVE,2023-09-11,
1312,e4e65cef,CHECKING,ACTIVE,2023-02-06,
1313,3781d48a,CREDIT,ACTIVE,2025-08-01,
1313,4271e0a6,CREDIT,ACTIVE,2022-09-14,
1314,31035d7e,SAVINGS,ACTIVE,2023-12-16,
1314,ed6fe0c9,CHECKING,ACTIVE,2021-01-29,
1315,f4de204f,SAVINGS,ACTIVE,2021-10-19,
1315,13453039,CHECKING,ACTIVE,2025-01-27,
1315,2fd77a78,CHECKING,ACTIVE,2022-11-26,
1316,f8d2b27c,CREDIT,ACTIVE,2024-11-21,
1317,70a70c59,CREDIT,INACTIVE,2023-06-09,2025-10-15
1317,ea13f73e,CREDIT,INACTIVE,2021-06-20,2022-11-21
1318,68fcd5d3,SAVINGS,ACTIVE,2022-07-22,
1318,62a2be5e,SAVINGS,ACTIVE,2025-07-05,
1319,4061eb68,CREDIT,INACTIVE,2024-06-12,2025-04-01
1319,edd3a56f,SAVINGS,ACTIVE,2022-08-16,
1320,71969cbd,SAVINGS,ACTIVE,2024-01-13,
1321,b68f17ab,CREDIT,ACTIVE,2022-07-27,
1321,73233942,SAVINGS,ACTIVE,2023-12-29,
1322,7f6bfdb2,CHECKING,ACTIVE,2020-12-22,
1322,56031f74,CHECKING,INACTIVE,2020-09-01,2022-12-10
1323,daf92380,CHECKING,ACTIVE,2024-04-18,
1324,bae5c65e,CREDIT,ACTIVE,2020-09-01,
1324,2b1a1e3d,CHECKING,INACTIVE,2021-11-21,2022-06-04
1325,98d82baa,SAVINGS,ACTIVE,2024-03-21,
1326,a3a68673,SAVINGS,ACTIVE,2021-10-02,
1326,bb7216a2,SAVINGS,ACTIVE,2023-04-28,
1326,5c39a472,SAVINGS,INACTIVE,2023-04-27,2023-09-07
1327,4bdf7338,CREDIT,ACTIVE,2025-02-26,
1328,cac0e3da,CREDIT,ACTIVE,2020-07-10,
1328,bd47165c,CHECKING,ACTIVE,2020-09-08,
1328,de2c7544,CHECKING,ACTIVE,2022-02-26,
1329,a694f6d4,SAVINGS,INACTIVE,2024-01-26,2024-07-16
1329,d611cebf,CREDIT,ACTIVE,2020-12-12,
1330,395e9ea1,CREDIT,ACTIVE,2022-01-19,
1330,e5f3fe42,CREDIT,ACTIVE,2025-06-27,
1330,36c496f1,CHECKING,ACTIVE,2024-12-26,
1331,dff37634,CREDIT,ACTIVE,2022-11-12,
1332,c2fe9702,SAVINGS,ACTIVE,2022-05-15,
1333,8a89ebc8,CHECKING,ACTIVE,2022-04-24,
1333,e3f2d441,SAVINGS,ACTIVE,2020-11-09,
1333,fe862458,SAVINGS,INACTIVE,2024-02-06,2025-12-09
1334,7a842872,CREDIT,ACTIVE,2020-10-27,
1334,ca7a6156,CHECKING,INACTIVE,2020-12-22,2023-01-28
1334,0ecd3240,SAVINGS,INACTIVE,2023-11-30,2025-01-24
1335,6f0f635e,SAVINGS,ACTIVE,2024-05-05,
1336,d0c9263e,CREDIT,ACTIVE,2023-12-09,
1336,b2acecbe,CHECKING,ACTIVE,2023-05-17,
1337,6aaa0da7,CREDIT,ACTIVE,2021-05-18,
1337,a86f9f93,CHECKING,ACTIVE,2024-02-19,
1338,59cb0983,SAVINGS,ACTIVE,2021-07-17,
1339,ddd69526,CREDIT,ACTIVE,2021-10-07,
1339,eb190a4c,CREDIT,ACTIVE,2021-04-27,
1340,79688e76,CREDIT,ACTIVE,2021-08-17,
1340,bfe3b075,CREDIT,ACTIVE,2020-06-16,
1340,f353505c,CREDIT,ACTIVE,2021-02-22,
1341,7c654bfd,SAVINGS,ACTIVE,2023-11-04,
1341,3eb1fa62,CHECKING,ACTIVE,2020-12-03,
1342,bd60e347,CREDIT,INACTIVE,2025-01-02,2025-11-09
1342,9bcc7a18,CREDIT,ACTIVE,2023-07-06,
1343,837e8eb9,CHECKING,ACTIVE,2022-09-12,
1343,42a4b251,CREDIT,ACTIVE,2022-09-05,
1344,08a4f86d,CHECKING,ACTIVE,2021-01-17,
1344,79d7e564,SAVINGS,ACTIVE,2024-12-09,
1345,61f4333f,CHECKING,ACTIVE,2023-07-31,
1345,65fd5745,CHECKING,ACTIVE,2023-04-22,
1345,958229e8,SAVINGS,ACTIVE,2021-11-27,
1346,41ed2e45,SAVINGS,ACTIVE,2023-03-28,
1347,a3329326,CHECKING,ACTIVE,2024-09-29,
1347,a94a9b1f,CREDIT,ACTIVE,2020-05-09,
1347,7f34622f,CHECKING,ACTIVE,2022-06-12,
1348,70304063,CREDIT,ACTIVE,2021-11-03,
1348,c509d16f,CHECKING,INACTIVE,2023-05-30,2024-11-16
1348,c7d9104f,CHECKING,ACTIVE,2025-03-16,
1349,bcce1995,CREDIT,ACTIVE,2021-02-15,
1350,8aecdc37,SAVINGS,ACTIVE,2023-09-12,
1351,21315916,SAVINGS,ACTIVE,2024-10-26,
1351,8104d528,SAVINGS,ACTIVE,2025-07-22,
1352,1990f084,SAVINGS,ACTIVE,2023-04-24,
1353,d8ca0232,CREDIT,ACTIVE,2021-04-24,
1353,c4c3e7e4,CHECKING,ACTIVE,2022-08-18,
1354,41ab482d,CREDIT,ACTIVE,2024-04-18,
1355,15ba6a92,CHECKING,ACTIVE,2020-11-02,
1355,662f63eb,CREDIT,ACTIVE,2024-06-06,
1356,c47bc536,CHECKING,ACTIVE,2023-01-09,
1357,64cbb4fe,SAVINGS,ACTIVE,2020-11-22,
1357,8c78bb38,CREDIT,ACTIVE,2022-06-12,
1358,f6ad612d,SAVINGS,ACTIVE,2023-11-06,
1359,d24db03a,CHECKING,ACTIVE,2025-04-28,
1359,2847df57,SAVINGS,ACTIVE,2023-09-14,
1359,a8b1f5f9,CREDIT,INACTIVE,2022-10-01,2024-11-23
1360,0d21d2d4,CREDIT,ACTIVE,2024-02-05,
1360,0de32c27,CHECKING,ACTIVE,2021-01-12,
1360,986a9621,CHECKING,ACTIVE,2022-06-27,
1361,590d3761,SAVINGS,ACTIVE,2025-07-16,
1361,2d206af2,CHECKING,ACTIVE,2022-12-06,
1361,e1b26d13,CREDIT,ACTIVE,2023-01-04,
1362,54d1454d,SAVINGS,ACTIVE,2021-08-01,
1362,1b1b20ec,CREDIT,ACTIVE,2025-05-20,
1362,3a14b49c,CHECKING,ACTIVE,2023-12-07,
1363,294577e7,SAVINGS,INACTIVE,2021-03-20,2023-08-27
1363,d884a7d3,SAVINGS,ACTIVE,2022-05-10,
1364,53363776,CHECKING,ACTIVE,2020-11-17,
1364,e8467e3e,CREDIT,ACTIVE,2022-10-10,
1364,3af55925,CHECKING,ACTIVE,2021-07-22,
1365,9cf8876e,SAVINGS,ACTIVE,2023-12-08,
1365,701c4ea2,SAVINGS,ACTIVE,2025-03-08,
1366,2bf86843,SAVINGS,ACTIVE,2025-04-14,
1366,e9804713,SAVINGS,ACTIVE,2022-10-25,
1366,5112b18d,CHECKING,ACTIVE,2024-10-25,
1367,4181be63,CREDIT,ACTIVE,2020-05-30,
1367,c36c2ba5,CREDIT,ACTIVE,2024-03-31,
1367,2c06189a,CHECKING,ACTIVE,2024-02-09,
1368,a1930a58,SAVINGS,ACTIVE,2020-06-18,
1368,5ce22d2f,CREDIT,INACTIVE,2025-01-23,2026-09-05
1369,c3eb79c2,CHECKING,ACTIVE,2021-07-16,
1369,34f989e4,CHECKING,ACTIVE,2025-03-07,
1370,dda14c39,CHECKING,INACTIVE,2020-09-08,2022-08-07
1370,95a282b4,SAVINGS,ACTIVE,2023-05-19,
1370,5ce3b587,SAVINGS,ACTIVE,2023-11-13,
1371,9683a756,CHECKING,ACTIVE,2023-01-04,
1371,6abfb207,CREDIT,INACTIVE,2022-09-27,2024-05-16
1371,a1bf7e34,CHECKING,ACTIVE,2024-09-16,
1372,e9209fe5,CREDIT,ACTIVE,2024-07-31,
1372,c5cd8b74,CHECKING,ACTIVE,2022-09-17,
1372,ce336868,CHECKING,ACTIVE,2024-07-27,
1373,e705c804,CHECKING,ACTIVE,2020-12-03,
1373,987c0fcf,CREDIT,INACTIVE,2021-11-06,2022-06-25
1374,0496c35b,SAVINGS,ACTIVE,2025-05-11,
1374,45dc1503,CHECKING,ACTIVE,2022-12-30,
1374,1ef4e462,SAVINGS,ACTIVE,2022-10-14,
1375,d6c3e26d,SAVINGS,INACTIVE,2020-05-16,2022-07-08
1375,44ba4bf7,CHECKING,ACTIVE,2024-04-14,
1376,c4439c7a,SAVINGS,INACTIVE,2022-07-28,2023-06-21
1376,bd637d3c,CHECKING,ACTIVE,2021-12-06,
1377,a2e3abac,CREDIT,ACTIVE,2021-03-08,
1377,f30922a8,CHECKING,ACTIVE,2022-10-05,
1377,182f5062,CREDIT,ACTIVE,2021-07-15,
1378,2fcca284,CHECKING,ACTIVE,2022-05-06,
1378,306a090c,CREDIT,ACTIVE,2023-12-26,
1379,13c87ed7,CHECKING,ACTIVE,2025-03-08,
1379,2c5ee550,SAVINGS,ACTIVE,2022-02-15,
1380,209e8b8e,CHECKING,ACTIVE,2021-06-16,
1380,5cbf670c,CHECKING,INACTIVE,2021-05-31,2023-08-06
1380,aee78e6e,CHECKING,ACTIVE,2021-07-30,
1381,2e62877e,CREDIT,ACTIVE,2024-01-21,
1381,baef5c05,CREDIT,ACTIVE,2023-09-06,
1381,8036f4b6,CHECKING,ACTIVE,2024-02-25,
1382,595542d0,SAVINGS,ACTIVE,2023-10-25,
1382,0c18563a,SAVINGS,ACTIVE,2020-12-31,
1383,7f467087,CHECKING,ACTIVE,2023-02-16,
1384,f87bcdfb,CHECKING,ACTIVE,2023-01-23,
1384,b869d797,CHECKING,ACTIVE,2020-08-08,
1385,64daece8,CHECKING,ACTIVE,2023-10-10,
1385,c9619490,CREDIT,ACTIVE,2020-10-06,
1385,30efdce1,CREDIT,ACTIVE,2023-02-12,
1386,eabe434a,SAVINGS,INACTIVE,2020-05-06,2022-05-17
1386,b73330ce,CREDIT,ACTIVE,2025-01-14,
1387,6db41091,SAVINGS,ACTIVE,2024-12-01,
1387,3b1e0084,SAVINGS,ACTIVE,2024-05-13,
1388,2921a72d,SAVINGS,ACTIVE,2021-06-10,
1388,372cfaa0,CREDIT,ACTIVE,2025-03-08,
1389,b8941631,CREDIT,INACTIVE,2024-07-04,2025-10-01
1389,425d7898,SAVINGS,INACTIVE,2025-01-10,2026-06-11
1390,38e9205b,CHECKING,ACTIVE,2020-11-03,
1390,55e758ea,CHECKING,ACTIVE,2020-05-07,
1390,316dc8d6,SAVINGS,ACTIVE,2024-08-10,
1391,f12411aa,SAVINGS,ACTIVE,2024-11-18,
1391,29e189b9,CHECKING,INACTIVE,2023-03-04,2025-07-12
1391,86f59acf,CREDIT,ACTIVE,2022-09-27,
1392,731302a4,CREDIT,ACTIVE,2023-07-20,
1393,181d8e06,CHECKING,ACTIVE,2025-05-09,
1393,e5833165,CHECKING,ACTIVE,2021-08-24,
1393,79969e76,CREDIT,ACTIVE,2020-08-28,
1394,f7762a8f,SAVINGS,ACTIVE,2020-07-10,
1394,3b177745,SAVINGS,ACTIVE,2024-02-11,
1395,360f60bc,CREDIT,ACTIVE,2021-09-20,
1395,c2caf2d4,SAVINGS,ACTIVE,2020-12-27,
1395,07ef4735,CHECKING,ACTIVE,2021-08-10,
1396,b73ee7f0,CHECKING,ACTIVE,2024-01-05,
1396,3e5c6e86,CREDIT,ACTIVE,2025-03-07,
1397,24ad2d4b,SAVINGS,INACTIVE,2024-08-22,2026-09-09
1397,622e3f39,CHECKING,ACTIVE,2021-01-05,
1397,06a35527,CHECKING,INACTIVE,2024-04-05,2025-04-07
1398,a39c53b2,SAVINGS,ACTIVE,2021-01-03,
1399,11d9c7d6,SAVINGS,ACTIVE,2021-03-24,
1399,ab60ed2c,CREDIT,ACTIVE,2024-07-27,
1400,5fe8d91a,SAVINGS,ACTIVE,2023-07-12,
1401,7c45518d,SAVINGS,ACTIVE,2024-12-24,
1401,18f9b2cc,CREDIT,ACTIVE,2021-07-11,
1402,224be2e7,CREDIT,ACTIVE,2025-01-01,
1403,6bc3386f,CHECKING,ACTIVE,2024-04-01,
1403,49d86f51,SAVINGS,ACTIVE,2024-01-16,
1403,dd00248e,CREDIT,ACTIVE,2023-10-04,
1404,1808bced,SAVINGS,ACTIVE,2023-05-29,
1404,9cc7dc50,CHECKING,ACTIVE,2021-03-01,
1404,e867c8d0,CREDIT,ACTIVE,2025-07-09,
1405,0caf47c1,CREDIT,ACTIVE,2021-10-19,
1405,445366b2,SAVINGS,ACTIVE,2022-12-18,
1406,32ae2c93,CHECKING,ACTIVE,2022-05-08,
1407,444c55e2,SAVINGS,ACTIVE,2023-07-27,
1407,4a21ed62,CREDIT,ACTIVE,2020-05-30,
1407,c6dc6332,CREDIT,ACTIVE,2025-06-19,
1408,7f61b9c8,CREDIT,ACTIVE,2021-05-14,
1409,de6579bd,SAVINGS,ACTIVE,2024-12-24,
1409,26e56ac1,CHECKING,INACTIVE,2021-05-04,2023-10-17
1409,a5d4e2ba,SAVINGS,ACTIVE,2022-04-02,
1410,2f505216,CHECKING,ACTIVE,2022-11-10,
1410,a9e2f543,CHECKING,ACTIVE,2023-08-23,
1411,fd88185e,SAVINGS,ACTIVE,2024-02-07,
1411,0edb9326,CHECKING,ACTIVE,2021-01-17,
1411,656dfb28,SAVINGS,ACTIVE,2023-12-03,
1412,896f0877,CHECKING,ACTIVE,2021-02-19,
1412,a6ece3a5,CHECKING,ACTIVE,2024-11-28,
1412,93d500e3,CHECKING,ACTIVE,2022-12-02,
1413,e6246590,SAVINGS,INACTIVE,2023-07-16,2025-03-09
1413,23033af4,CREDIT,ACTIVE,2025-01-19,
1413,2a45cf84,SAVINGS,ACTIVE,2025-06-04,
1414,c625afe2,SAVINGS,ACTIVE,2025-08-06,
1414,7b0084a3,CREDIT,ACTIVE,2024-04-19,
1414,e02d8a1f,CHECKING,ACTIVE,2021-03-15,
1415,3dea2bf5,CREDIT,ACTIVE,2022-07-01,
1415,fa0635d9,SAVINGS,INACTIVE,2021-06-30,2024-02-14
1415,662fb60f,CREDIT,INACTIVE,2025-03-22,2026-11-15
1416,b151427c,CHECKING,ACTIVE,2025-06-21,
1416,b229597b,CHECKING,ACTIVE,2023-08-02,
1417,fcddc24d,CREDIT,ACTIVE,2020-04-19,
1418,9b95b450,CHECKING,ACTIVE,2023-09-22,
1418,35904343,SAVINGS,ACTIVE,2022-11-20,
1418,93b59046,CREDIT,ACTIVE,2022-04-25,
1419,e6a795c7,CREDIT,ACTIVE,2021-01-29,
1420,a44143ef,CREDIT,ACTIVE,2025-01-16,
1421,967e4277,CHECKING,ACTIVE,2022-10-20,
1422,84f4cd0f,SAVINGS,ACTIVE,2020-06-30,
1423,f3b93883,CHECKING,INACTIVE,2024-12-12,2026-06-09
1423,e66574d9,SAVINGS,ACTIVE,2024-08-04,
1423,764ccb61,CHECKING,INACTIVE,2022-07-18,2024-07-01
1424,cf750c49,SAVINGS,ACTIVE,2023-05-22,
1424,b1e8cea6,CHECKING,ACTIVE,2023-11-02,
1424,030648e1,CHECKING,ACTIVE,2023-08-11,
1425,9760cc9b,SAVINGS,ACTIVE,2025-05-31,
1425,c6147abf,CREDIT,ACTIVE,2020-04-22,
1425,9afbbf5f,CHECKING,ACTIVE,2020-06-07,
1426,e812fd1e,CREDIT,ACTIVE,2023-02-16,
1426,83a685ea,CHECKING,ACTIVE,2021-05-16,
1427,fa543eba,SAVINGS,ACTIVE,2021-11-17,
1427,691a07f6,CHECKING,ACTIVE,2024-10-13,
1427,d90212ce,CREDIT,ACTIVE,2024-12-10,
1428,175db8a9,CREDIT,ACTIVE,2021-05-13,
1429,ba7faded,CREDIT,ACTIVE,2021-11-10,
1429,59d5ace1,SAVINGS,ACTIVE,2020-05-19,
1429,6083880f,SAVINGS,ACTIVE,2022-04-19,
1430,549d6518,CHECKING,ACTIVE,2022-03-02,
1431,565d05b8,SAVINGS,INACTIVE,2020-05-10,2020-12-28
1431,d709b455,CREDIT,ACTIVE,2024-07-11,
1431,9d68f7b8,CHECKING,ACTIVE,2023-09-15,
1432,e76e2ced,CREDIT,ACTIVE,2022-01-14,
1432,7c1ea61b,CHECKING,ACTIVE,2025-02-25,
1433,a0874dd6,SAVINGS,INACTIVE,2024-04-20,2024-09-25
1433,9b891e0c,CREDIT,ACTIVE,2025-06-23,
1433,28856a1c,SAVINGS,ACTIVE,2021-08-23,
1434,dfbfb662,CREDIT,ACTIVE,2022-03-22,
1435,32805b77,CREDIT,INACTIVE,2024-12-29,2025-04-12
1436,6cfc9f01,CREDIT,ACTIVE,2025-01-20,
1437,c39a4a92,CREDIT,INACTIVE,2020-09-17,2022-07-16
1437,ace5fb63,CHECKING,ACTIVE,2023-07-20,
1437,8363877a,SAVINGS,ACTIVE,2020-08-12,
1438,2d3d2b3c,SAVINGS,INACTIVE,2023-01-23,2024-03-22
1438,bb7a8f1a,CHECKING,ACTIVE,2020-04-24,
1438,87405ebc,CREDIT,ACTIVE,2020-04-03,
1439,ac518f88,CHECKING,ACTIVE,2022-01-31,
1440,ba9d8d12,SAVINGS,INACTIVE,2022-08-03,2023-11-07
1441,86c88f6e,SAVINGS,ACTIVE,2025-04-07,
1441,bc978728,CHECKING,ACTIVE,2021-02-12,
1442,a0d974ef,CREDIT,INACTIVE,2022-12-20,2024-03-25
1442,22a170f4,CHECKING,ACTIVE,2021-05-23,
1443,fff7f7d6,CHECKING,ACTIVE,2025-03-18,
1443,33687991,SAVINGS,ACTIVE,2023-11-12,
1443,e9809135,SAVINGS,INACTIVE,2022-07-02,2024-08-25
1444,6cc25e0f,CHECKING,INACTIVE,2024-03-10,2026-09-03
1444,42cd9bad,SAVINGS,ACTIVE,2022-10-15,
1444,f576e006,CHECKING,ACTIVE,2024-07-05,
1445,0466947f,SAVINGS,ACTIVE,2022-10-06,
1446,0d595ada,CREDIT,ACTIVE,2023-04-10,
1446,13f7ed64,CHECKING,INACTIVE,2022-05-28,2023-08-14
1446,f5544907,SAVINGS,ACTIVE,2021-09-04,
1447,9a2f1b36,CREDIT,ACTIVE,2024-08-18,
1447,24acd3a1,CREDIT,ACTIVE,2023-11-28,
1448,8262f329,CREDIT,ACTIVE,2021-10-22,
1448,12082f78,CREDIT,ACTIVE,2021-02-23,
1449,04666e5c,SAVINGS,ACTIVE,2025-06-06,
1449,17931523,CREDIT,ACTIVE,2025-06-06,
1450,1fa29c91,CREDIT,ACTIVE,2024-05-08,
1451,69324df7,CREDIT,ACTIVE,2023-11-07,
1451,6efdfa62,SAVINGS,ACTIVE,2022-10-12,
1451,e3a25e20,CHECKING,ACTIVE,2025-03-05,
1452,26b1e83a,CHECKING,ACTIVE,2024-10-19,
1453,990f28dc,CHECKING,ACTIVE,2025-03-12,
1453,6f595783,CHECKING,ACTIVE,2023-05-20,
1453,d569b278,CHECKING,ACTIVE,2022-10-03,
1454,d87a7983,SAVINGS,ACTIVE,2021-01-30,
1454,4edcfedd,SAVINGS,ACTIVE,2023-08-29,
1455,9a02da0a,CREDIT,ACTIVE,2023-03-15,
1455,54cf1042,SAVINGS,ACTIVE,2021-10-06,
1456,87c43c5d,CREDIT,ACTIVE,2022-04-22,
1457,018fcbcc,SAVINGS,ACTIVE,2025-04-26,
1457,a4afc6b7,CREDIT,ACTIVE,2020-04-01,
1457,724273d9,CHECKING,ACTIVE,2021-05-26,
1458,050b993e,SAVINGS,INACTIVE,2023-03-26,2025-01-18
1458,d25d5789,CHECKING,ACTIVE,2024-06-30,
1459,6fad4c10,CREDIT,ACTIVE,2025-07-12,
1459,7161cd93,CREDIT,ACTIVE,2022-01-27,
1459,02247d48,CHECKING,ACTIVE,2020-05-16,
1460,b1645697,CHECKING,ACTIVE,2022-10-14,
1461,f8f1f58c,CREDIT,ACTIVE,2025-01-07,
1462,dbf1c2b0,SAVINGS,ACTIVE,2022-09-16,
1462,1ae151e8,CHECKING,ACTIVE,2022-06-13,
1462,b9f30e65,SAVINGS,ACTIVE,2025-02-25,
1463,34598641,SAVINGS,ACTIVE,2021-09-17,
1464,a1ce107b,CHECKING,ACTIVE,2023-11-07,
1464,b2897b5a,SAVINGS,ACTIVE,2022-11-20,
1464,439f05eb,CHECKING,INACTIVE,2020-04-06,2022-07-16
1465,d3aa4007,CREDIT,ACTIVE,2020-04-11,
1465,a182bee0,SAVINGS,ACTIVE,2020-06-16,
1466,c7b52aac,CREDIT,ACTIVE,2021-07-14,
1466,ef890b3e,CREDIT,INACTIVE,2022-12-08,2025-08-02
1467,12a24092,SAVINGS,ACTIVE,2024-08-08,
1468,c07f55b6,SAVINGS,INACTIVE,2022-01-12,2022-08-27
1469,16b1edca,CHECKING,ACTIVE,2025-05-27,
1469,a37cbdf3,SAVINGS,ACTIVE,2024-01-31,
1469,732b1900,CREDIT,ACTIVE,2020-05-17,
1470,02c49f8a,SAVINGS,ACTIVE,2021-07-02,
1471,ac69861d,SAVINGS,ACTIVE,2021-08-05,
1471,6d8bc696,CHECKING,INACTIVE,2023-11-16,2024-11-14
1471,b650fa2b,SAVINGS,ACTIVE,2022-05-28,
1472,c23f2367,SAVINGS,ACTIVE,2023-07-17,
1473,1a73bb32,CHECKING,ACTIVE,2025-03-01,
1473,2cab3174,SAVINGS,ACTIVE,2023-02-17,
1474,3c322bfd,SAVINGS,INACTIVE,2023-06-29,2024-04-26
1474,1ab1e6b6,CREDIT,ACTIVE,2020-05-23,
1474,d32684b4,SAVINGS,ACTIVE,2020-12-24,
1475,8fbdd092,SAVINGS,ACTIVE,2023-01-18,
1475,4b0dcaf3,CREDIT,ACTIVE,2025-04-25,
1475,6a82a5b7,CHECKING,INACTIVE,2024-05-15,2026-06-23
1476,edc80ea5,CREDIT,ACTIVE,2024-11-27,
1476,f09a67ef,CREDIT,INACTIVE,2020-07-29,2023-02-03
1476,a0e051c4,SAVINGS,ACTIVE,2022-03-09,
1477,f0992264,CREDIT,INACTIVE,2021-12-27,2024-08-21
1477,0eac9690,SAVINGS,ACTIVE,2025-04-14,
1477,1180ae22,CHECKING,INACTIVE,2023-02-07,2025-09-28
1478,32fdf669,CHECKING,ACTIVE,2024-03-29,
1479,9e01bf92,CHECKING,ACTIVE,2023-11-21,
1480,1377dfc7,CHECKING,ACTIVE,2025-05-30,
1480,538260f7,SAVINGS,ACTIVE,2021-03-11,
1481,a5ececa4,SAVINGS,ACTIVE,2022-07-04,
1481,10a3b73e,SAVINGS,ACTIVE,2020-05-22,
1481,48f59a8d,SAVINGS,ACTIVE,2022-06-22,
1482,a199fd02,CREDIT,ACTIVE,2023-07-27,
1482,21f397c1,CHECKING,ACTIVE,2022-06-08,
1483,17734089,SAVINGS,ACTIVE,2023-10-08,
1483,dbb93034,CHECKING,ACTIVE,2020-05-01,
1483,b04ae2bc,CREDIT,ACTIVE,2022-03-26,
1484,9e30323a,SAVINGS,ACTIVE,2023-01-31,
1484,174c16fa,CHECKING,ACTIVE,2022-05-29,
1484,08814ddd,CREDIT,ACTIVE,2024-04-19,
1485,a2bf6d6d,CHECKING,INACTIVE,2024-12-20,2025-11-02
1485,3035cdf5,CREDIT,ACTIVE,2021-04-19,
1486,95a63f5d,SAVINGS,ACTIVE,2021-08-27,
1486,05b540ce,CREDIT,ACTIVE,2020-08-05,
1487,8d76f89d,CHECKING,ACTIVE,2025-03-19,
1487,543f5001,CREDIT,ACTIVE,2022-03-31,
1488,5a68068b,CHECKING,ACTIVE,2024-05-20,
1488,429e8cc9,CREDIT,ACTIVE,2021-05-27,
1488,bedcd381,CREDIT,ACTIVE,2023-02-18,
1489,58095e86,CREDIT,INACTIVE,2023-05-20,2025-10-06
1489,a42068e3,CREDIT,ACTIVE,2021-12-17,
1490,9d2915a7,SAVINGS,INACTIVE,2022-03-17,2022-09-19
1490,86775ab9,CREDIT,ACTIVE,2023-02-19,
1490,a1597204,SAVINGS,ACTIVE,2025-06-25,
1491,46c7fa98,SAVINGS,ACTIVE,2020-10-29,
1491,c26fca41,SAVINGS,ACTIVE,2024-07-23,
1492,42134b90,CREDIT,ACTIVE,2023-04-05,
1492,76d24b81,CHECKING,ACTIVE,2024-04-19,
1493,b404644c,CHECKING,ACTIVE,2022-10-26,
1493,1d84f97f,CHECKING,ACTIVE,2021-01-02,
1494,0428b1fa,SAVINGS,ACTIVE,2024-10-11,
1494,1b3d1bfb,CREDIT,ACTIVE,2022-03-22,
1495,6197fd67,SAVINGS,INACTIVE,2021-06-24,2022-11-14
1495,27c13514,SAVINGS,ACTIVE,2022-06-16,
1495,fa16af57,CHECKING,ACTIVE,2024-09-19,
1496,22f1f172,SAVINGS,ACTIVE,2024-09-28,
1496,29cc809e,SAVINGS,ACTIVE,2024-07-18,
1496,ff7ac789,SAVINGS,ACTIVE,2024-03-26,
1497,a51cc35e,SAVINGS,ACTIVE,2021-01-06,
1497,004efa9e,CHECKING,ACTIVE,2024-11-07,
1498,eb2e96aa,CHECKING,ACTIVE,2022-11-27,
1498,6a2b8631,CREDIT,ACTIVE,2021-05-27,
1499,cf7348d9,CREDIT,ACTIVE,2023-03-03,
1500,4012e4b1,SAVINGS,INACTIVE,2023-02-06,2025-05-12
1500,be92ae30,SAVINGS,ACTIVE,2022-07-16,
1500,d7d90d4a,CREDIT,ACTIVE,2023-11-17,
1501,95ece513,CREDIT,ACTIVE,2021-01-31,
1501,4052562c,SAVINGS,INACTIVE,2020-12-30,2023-03-19
1501,6a268eaa,SAVINGS,ACTIVE,2020-09-20,
1502,c8104ba0,CHECKING,INACTIVE,2021-09-10,2023-04-14
1503,dfee486e,CREDIT,ACTIVE,2022-11-14,
1503,e6fac123,SAVINGS,ACTIVE,2021-08-29,
1504,507225df,CREDIT,ACTIVE,2021-07-12,
1504,4a0d2ac6,CHECKING,ACTIVE,2022-09-05,
1505,807c6b8f,CHECKING,ACTIVE,2022-12-09,
1505,5758071b,CREDIT,ACTIVE,2023-07-26,
1506,bd9b590f,CHECKING,ACTIVE,2025-07-23,
1507,bddc4c41,SAVINGS,ACTIVE,2020-08-04,
1508,b01a2c45,CREDIT,ACTIVE,2025-05-12,
1509,5af2cb81,SAVINGS,ACTIVE,2024-02-25,
1509,d7206b6b,CREDIT,ACTIVE,2021-11-16,
1509,1e5aa12c,CHECKING,INACTIVE,2024-04-17,2026-11-09
1510,9138e8d0,CREDIT,ACTIVE,2021-08-07,
1510,7b1d09fe,CHECKING,ACTIVE,2023-10-27,
1511,7f5b241c,CHECKING,ACTIVE,2022-04-11,
1511,2baddadc,CHECKING,ACTIVE,2020-05-02,
1512,033d10a3,CREDIT,ACTIVE,2023-02-02,
1512,2355266f,CREDIT,ACTIVE,2020-07-29,
1513,cb1164e7,SAVINGS,INACTIVE,2023-07-26,2024-04-08
1513,7204cb1b,CHECKING,INACTIVE,2022-08-28,2024-08-28
1514,81aa3534,CHECKING,INACTIVE,2024-12-27,2025-12-30
1515,1df3bddb,CHECKING,ACTIVE,2020-05-26,
1515,b063f56d,SAVINGS,ACTIVE,2024-05-05,
1516,70e3b135,CHECKING,ACTIVE,2024-11-30,
1517,319076b7,SAVINGS,ACTIVE,2022-01-05,
1517,57979c80,CREDIT,ACTIVE,2024-10-31,
1518,e2cb07b3,CHECKING,ACTIVE,2020-12-23,
1518,9626a33f,CREDIT,ACTIVE,2025-05-26,
1519,60a45d2b,CREDIT,ACTIVE,2022-05-27,
1519,db2fde21,CHECKING,ACTIVE,2025-03-20,
1520,806d720c,SAVINGS,INACTIVE,2021-04-08,2021-07-18
1521,75c07137,SAVINGS,ACTIVE,2021-10-11,
1522,4c550df1,CHECKING,ACTIVE,2023-11-07,
1522,c52af536,CHECKING,ACTIVE,2023-04-05,
1522,309daf4a,CREDIT,ACTIVE,2020-07-28,
1523,c97d83d3,SAVINGS,ACTIVE,2024-07-07,
1523,89d2e40d,CHECKING,ACTIVE,2023-09-04,
1524,8a7ddb88,CREDIT,INACTIVE,2025-07-06,2026-05-11
1525,2c90be59,CHECKING,INACTIVE,2021-07-05,2022-02-09
1525,f7148f2a,SAVINGS,ACTIVE,2024-12-05,
1525,e943ce89,SAVINGS,ACTIVE,2025-05-01,
1526,90ab565e,SAVINGS,INACTIVE,2021-08-07,2022-06-21
1527,b339edcf,CHECKING,ACTIVE,2021-10-09,
1527,309f363c,CHECKING,ACTIVE,2021-04-21,
1527,74265b66,SAVINGS,ACTIVE,2022-07-09,
1528,4088ae60,CREDIT,ACTIVE,2022-09-25,
1529,b51a40ce,CREDIT,ACTIVE,2023-04-01,
1529,4ca39b6d,SAVINGS,ACTIVE,2023-07-12,
1530,e18389c3,CHECKING,INACTIVE,2022-08-21,2022-11-29
1531,f1a88e57,CHECKING,ACTIVE,2024-07-09,
1532,9c4bdce9,SAVINGS,ACTIVE,2025-04-03,
1533,71b83990,CHECKING,INACTIVE,2024-02-24,2025-10-25
1533,ceb32651,CHECKING,INACTIVE,2021-07-05,2023-11-08
1534,311c482a,CHECKING,ACTIVE,2020-05-21,
1534,9cbefab2,SAVINGS,ACTIVE,2021-10-22,
1534,4bee7153,SAVINGS,ACTIVE,2022-05-24,
1535,82e4c35b,CHECKING,ACTIVE,2024-12-18,
1535,2b08c3b2,SAVINGS,ACTIVE,2023-10-29,
1535,8bd58ccd,CREDIT,ACTIVE,2020-06-03,
1536,82384198,SAVINGS,ACTIVE,2022-05-22,
1536,199966a7,CHECKING,ACTIVE,2020-03-25,
1537,66590af9,SAVINGS,ACTIVE,2023-12-08,
1537,f9297f8c,CREDIT,ACTIVE,2025-04-07,
1538,56174bdc,SAVINGS,ACTIVE,2021-10-03,
1538,c82f6396,SAVINGS,ACTIVE,2021-10-22,
1539,32c3887b,SAVINGS,INACTIVE,2024-04-20,2026-10-01
1540,0ec4d603,SAVINGS,INACTIVE,2023-11-29,2026-06-10
1540,781e76e1,SAVINGS,ACTIVE,2022-05-11,
1540,2c3819a5,SAVINGS,ACTIVE,2025-07-18,
1541,c80920ca,CHECKING,INACTIVE,2025-03-19,2027-06-16
1541,396e4f06,SAVINGS,ACTIVE,2023-05-21,
1542,445fe604,SAVINGS,ACTIVE,2024-01-18,
1542,9dfb3a07,SAVINGS,ACTIVE,2020-12-02,
1542,aeabd50a,CREDIT,ACTIVE,2023-09-14,
1543,b38f6d89,SAVINGS,ACTIVE,2021-12-18,
1543,6c99b3bd,CHECKING,ACTIVE,2021-07-07,
1543,ca97d7e1,CHECKING,INACTIVE,2023-09-14,2025-09-23
1544,312a53b0,CREDIT,ACTIVE,2021-01-07,
1545,b8b0c78d,SAVINGS,ACTIVE,2022-03-03,
1545,03cb3f48,CREDIT,ACTIVE,2024-11-01,
1546,7f62730f,SAVINGS,ACTIVE,2022-03-18,
1546,104496cc,SAVINGS,ACTIVE,2024-09-03,
1546,243c4310,SAVINGS,ACTIVE,2022-07-25,
1547,f363bfb3,CREDIT,ACTIVE,2022-09-01,
1547,94305215,SAVINGS,ACTIVE,2025-02-16,
1548,65f63191,CREDIT,ACTIVE,2025-04-19,
1548,97ce2c5a,CHECKING,ACTIVE,2021-06-24,
1549,07072212,SAVINGS,ACTIVE,2023-03-13,
1550,5df061d5,CREDIT,INACTIVE,2020-11-07,2022-04-07
1550,19f182bf,CREDIT,INACTIVE,2022-08-07,2024-04-15
1551,276a6f30,CREDIT,ACTIVE,2020-07-19,
1551,28b792d5,CHECKING,ACTIVE,2023-04-03,
1551,90dbee19,CREDIT,ACTIVE,2020-11-26,
1552,fe46f756,CHECKING,ACTIVE,2021-11-17,
1552,5860d42e,CREDIT,ACTIVE,2021-06-16,
1552,770360c9,SAVINGS,INACTIVE,2022-04-10,2022-09-22
1553,9183dd4c,SAVINGS,ACTIVE,2024-01-15,
1554,f7a1449f,SAVINGS,ACTIVE,2023-03-25,
1555,35c78acc,CHECKING,ACTIVE,2021-06-13,
1556,9e5f7ff2,SAVINGS,ACTIVE,2023-12-17,
1556,78437ec4,CREDIT,ACTIVE,2022-09-26,
1557,8f277360,CREDIT,ACTIVE,2022-11-17,
1557,350e4524,SAVINGS,ACTIVE,2023-09-05,
1558,69668010,SAVINGS,ACTIVE,2024-04-18,
1558,dfd1a75e,SAVINGS,ACTIVE,2023-02-05,
1558,4a3532b9,CREDIT,ACTIVE,2024-05-16,
1559,294a4a9b,CREDIT,ACTIVE,2025-01-11,
1560,c8062737,CREDIT,INACTIVE,2021-04-12,2023-05-09
1561,d3954400,SAVINGS,ACTIVE,2022-08-22,
1561,f717c7ea,CHECKING,ACTIVE,2025-07-30,
1561,e643d2c3,SAVINGS,INACTIVE,2024-12-27,2025-05-28
1562,9caa0a3c,CHECKING,ACTIVE,2020-12-23,
1563,f75ecfc1,CHECKING,ACTIVE,2024-02-06,
1563,5848364c,CHECKING,ACTIVE,2022-01-27,
1564,70655235,SAVINGS,INACTIVE,2022-12-10,2023-12-16
1565,0e6c4a97,CHECKING,ACTIVE,2022-09-23,
1565,62cf2401,CHECKING,ACTIVE,2021-05-31,
1566,f9ef4464,CHECKING,ACTIVE,2023-04-15,
1566,82e71f7a,CHECKING,INACTIVE,2023-03-26,2025-12-02
1567,cf543b57,CHECKING,ACTIVE,2024-06-14,
1567,9b4c6ef5,CREDIT,ACTIVE,2022-08-28,
1567,c8c09923,SAVINGS,ACTIVE,2023-01-27,
1568,296eba4b,CHECKING,ACTIVE,2024-04-19,
1569,dedb5845,CHECKING,ACTIVE,2021-06-23,
1569,6973c830,SAVINGS,ACTIVE,2021-05-23,
1570,cf571a07,CREDIT,ACTIVE,2023-11-14,
1570,6a8bb7e0,CHECKING,INACTIVE,2024-06-30,2025-12-06
1571,0975e9e4,CREDIT,ACTIVE,2022-04-09,
1572,28cd6a2b,SAVINGS,ACTIVE,2024-04-13,
1573,7d0598c5,CREDIT,ACTIVE,2021-06-19,
1574,1bf0079a,CHECKING,ACTIVE,2021-10-25,
1575,263d13e1,SAVINGS,ACTIVE,2023-09-26,
1575,2e4b2a64,CREDIT,ACTIVE,2020-05-30,
1575,c8562e80,CHECKING,ACTIVE,2022-09-16,
1576,5eae3306,SAVINGS,ACTIVE,2021-04-27,
1576,648155c4,CREDIT,ACTIVE,2025-05-26,
1576,f37c615e,SAVINGS,INACTIVE,2021-03-23,2023-09-26
1577,45202370,SAVINGS,ACTIVE,2023-05-22,
1578,43e84c07,CHECKING,INACTIVE,2023-01-08,2025-09-01
1578,9fca776c,CHECKING,ACTIVE,2022-09-25,
1578,388f74d0,CREDIT,ACTIVE,2021-01-14,
1579,0bab58c0,SAVINGS,ACTIVE,2025-02-07,
1579,191c71dc,CREDIT,ACTIVE,2020-10-22,
1580,7ea5710e,CREDIT,ACTIVE,2024-12-12,
1581,914cad18,SAVINGS,ACTIVE,2020-05-03,
1581,e32d5582,CHECKING,ACTIVE,2025-07-08,
1582,1d11af20,SAVINGS,ACTIVE,2024-07-25,
1582,92943c6e,SAVINGS,ACTIVE,2020-12-10,
1583,d3c4f04f,CHECKING,ACTIVE,2022-09-13,
1584,7428c48c,CHECKING,INACTIVE,2024-02-05,2025-07-03
1584,bf582f8b,CHECKING,ACTIVE,2024-06-26,
1584,14dbd9f0,CHECKING,ACTIVE,2022-10-18,
1585,01a086ca,CREDIT,ACTIVE,2022-06-21,
1585,795ac922,SAVINGS,ACTIVE,2023-10-27,
1586,369481d7,SAVINGS,INACTIVE,2024-05-15,2025-12-16
1586,5e71c532,CHECKING,ACTIVE,2022-04-20,
1586,bae6bdb1,SAVINGS,ACTIVE,2024-08-25,
1587,eb3141fd,CREDIT,INACTIVE,2023-04-15,2025-01-26
1588,d50fabee,SAVINGS,ACTIVE,2025-01-24,
1588,eb9c415a,CHECKING,ACTIVE,2024-09-02,
1588,3146a48b,CREDIT,INACTIVE,2020-04-26,2022-04-06
1589,cbf31f28,SAVINGS,ACTIVE,2022-10-28,
1589,752e07e5,CREDIT,ACTIVE,2024-05-20,
1589,2865face,CREDIT,ACTIVE,2025-01-11,
1590,3f5c0439,CREDIT,ACTIVE,2021-01-13,
1590,73a66506,SAVINGS,ACTIVE,2023-12-31,
1590,22cb27b0,CREDIT,ACTIVE,2022-01-26,
1591,2134da4e,CREDIT,ACTIVE,2021-05-13,
1592,355b581e,CREDIT,INACTIVE,2022-07-21,2024-08-16
1592,524da418,CHECKING,ACTIVE,2023-10-12,
1592,19b90a66,CHECKING,ACTIVE,2024-02-19,
1593,9beeff35,CREDIT,ACTIVE,2021-12-29,
1593,88c0c2d7,SAVINGS,ACTIVE,2022-11-29,
1594,51663b95,SAVINGS,ACTIVE,2022-10-10,
1594,e1d166f8,SAVINGS,ACTIVE,2025-03-13,
1595,234b1f12,CREDIT,ACTIVE,2023-08-20,
1595,ab234f75,SAVINGS,INACTIVE,2023-09-15,2024-05-23
1596,6f80214c,CREDIT,INACTIVE,2023-02-23,2025-04-19
1597,550c916a,SAVINGS,ACTIVE,2021-03-15,
1597,6f74d113,CREDIT,ACTIVE,2025-02-17,
1597,3b0beda3,CHECKING,ACTIVE,2023-03-11,
1598,479bc1b2,SAVINGS,ACTIVE,2023-12-06,
1598,10b5d806,CREDIT,ACTIVE,2024-02-28,
1599,0ee30d50,SAVINGS,ACTIVE,2025-08-07,
1599,0e8cc002,CHECKING,ACTIVE,2025-03-24,
1599,4dc6537e,CHECKING,INACTIVE,2024-08-03,2026-07-07
1600,59ca077f,SAVINGS,ACTIVE,2021-02-11,
1600,e6e97a6f,CREDIT,ACTIVE,2021-07-26,
1601,2cc2c801,SAVINGS,ACTIVE,2022-06-18,
1602,05902b14,SAVINGS,INACTIVE,2025-06-16,2026-08-13
1602,8b9b0a6f,CHECKING,ACTIVE,2021-08-14,
1602,c63c2b94,CHECKING,ACTIVE,2021-01-08,
1603,5a6c67e3,CREDIT,ACTIVE,2023-09-27,
1603,2fb7c5b4,CHECKING,ACTIVE,2020-10-27,
1604,13578f5b,CHECKING,ACTIVE,2021-11-14,
1605,2e5c0f60,SAVINGS,INACTIVE,2023-08-29,2025-08-09
1606,30b220ee,CHECKING,ACTIVE,2021-07-02,
1606,5ccfaa67,CREDIT,ACTIVE,2024-01-14,
1607,2aea7169,CREDIT,ACTIVE,2021-04-28,
1608,014f7bc8,CHECKING,ACTIVE,2023-05-04,
1608,d15dba5a,CREDIT,ACTIVE,2021-08-16,
1608,ce9c499a,SAVINGS,ACTIVE,2020-08-06,
1609,a8043f9f,CREDIT,ACTIVE,2022-01-16,
1609,f4c087ba,CHECKING,ACTIVE,2022-12-12,
1609,d5997825,SAVINGS,ACTIVE,2023-05-22,
1610,f56fa56e,CHECKING,ACTIVE,2022-09-23,
1611,ea48dd9a,SAVINGS,ACTIVE,2023-04-28,
1612,ce5178d9,CREDIT,INACTIVE,2020-11-30,2022-07-28
1612,48c82130,SAVINGS,INACTIVE,2024-10-16,2026-12-13
1612,7d412158,CHECKING,ACTIVE,2020-09-15,
1613,fe814a50,SAVINGS,ACTIVE,2021-04-07,
1613,1c67caaf,CHECKING,ACTIVE,2022-06-25,
1614,1120d4b4,CREDIT,ACTIVE,2025-07-12,
1614,c3864fb2,CREDIT,ACTIVE,2024-09-22,
1615,855ffbba,CREDIT,ACTIVE,2020-09-10,
1615,1e279e7b,CHECKING,ACTIVE,2024-12-14,
1615,bb203cb8,CREDIT,ACTIVE,2023-12-11,
1616,4addbff4,CREDIT,ACTIVE,2020-12-05,
1617,68ef60d7,CHECKING,ACTIVE,2025-06-26,
1618,041fc5dd,CHECKING,ACTIVE,2024-12-13,
1618,269f9434,SAVINGS,ACTIVE,2021-04-06,
1618,2f2b6b6f,SAVINGS,ACTIVE,2021-10-24,
1619,6677cf71,SAVINGS,ACTIVE,2023-09-06,
1620,203b9781,SAVINGS,ACTIVE,2020-04-01,
1621,751b9f49,CREDIT,ACTIVE,2022-05-13,
1621,37f7648f,SAVINGS,ACTIVE,2024-01-15,
1621,7b5def65,SAVINGS,ACTIVE,2021-08-13,
1622,5d432d8e,CHECKING,ACTIVE,2021-05-08,
1622,95660177,SAVINGS,ACTIVE,2025-06-25,
1623,86e9bcef,CREDIT,INACTIVE,2023-07-31,2025-08-09
1624,90218aae,SAVINGS,ACTIVE,2024-07-29,
1624,3271555e,CHECKING,ACTIVE,2024-07-06,
1625,18b01463,SAVINGS,ACTIVE,2024-04-27,
1625,a3fb9e3d,CREDIT,ACTIVE,2025-07-11,
1626,00dc3c69,CREDIT,ACTIVE,2024-05-01,
1626,db2163a6,CREDIT,ACTIVE,2025-08-04,
1626,a00d2ab8,SAVINGS,ACTIVE,2021-09-17,
1627,341584dc,SAVINGS,ACTIVE,2022-02-28,
1627,63bf8a05,SAVINGS,ACTIVE,2021-01-30,
1628,c57b1ae5,CHECKING,ACTIVE,2024-07-26,
1629,4324b03a,CHECKING,ACTIVE,2025-03-04,
1629,b4535142,CREDIT,ACTIVE,2023-05-23,
1629,6a28d19d,CHECKING,ACTIVE,2023-03-10,
1630,f29a42d6,CREDIT,ACTIVE,2021-12-19,
1630,1bdcc60d,CREDIT,ACTIVE,2023-09-27,
1630,228a06a7,CREDIT,ACTIVE,2021-04-26,
1631,c83eb5d4,CREDIT,ACTIVE,2024-05-03,
1632,83a9dd92,CREDIT,ACTIVE,2022-02-11,
1633,df7e274e,CHECKING,ACTIVE,2021-12-08,
1633,2ebe0b29,CREDIT,ACTIVE,2023-02-05,
1634,be1edc97,CREDIT,INACTIVE,2022-08-31,2023-09-23
1635,64a2e5f2,CHECKING,ACTIVE,2023-06-04,
1635,ea560a52,CHECKING,ACTIVE,2021-12-13,
1636,293a084f,SAVINGS,ACTIVE,2023-03-09,
1636,d8ac5358,CHECKING,ACTIVE,2020-03-22,
1636,5ef17513,CHECKING,ACTIVE,2020-10-01,
1637,75607be7,SAVINGS,ACTIVE,2022-06-20,
1638,d4b7cb78,SAVINGS,ACTIVE,2022-02-17,
1638,4eb7d12c,CREDIT,ACTIVE,2024-08-07,
1638,82290aca,SAVINGS,ACTIVE,2021-11-11,
1639,bf535fef,CREDIT,ACTIVE,2022-01-07,
1639,defc40df,SAVINGS,ACTIVE,2020-10-16,
1640,fbff7e6c,CHECKING,ACTIVE,2023-05-23,
1640,189080fa,CREDIT,ACTIVE,2021-11-22,
1641,3af9b30f,CREDIT,ACTIVE,2024-11-23,
1641,2c332af9,CHECKING,ACTIVE,2021-01-31,
1641,64041caf,CHECKING,ACTIVE,2024-05-30,
1642,1bcea86b,CREDIT,ACTIVE,2023-06-02,
1643,56cd6795,SAVINGS,ACTIVE,2020-05-11,
1644,0880781a,CREDIT,ACTIVE,2020-08-20,
1645,a2fe1a50,SAVINGS,ACTIVE,2021-07-31,
1646,26531fc0,CHECKING,INACTIVE,2024-06-08,2024-10-25
1647,e1aef320,SAVINGS,ACTIVE,2021-03-04,
1647,6a143151,CREDIT,ACTIVE,2025-03-17,
1647,49a53d8d,CHECKING,ACTIVE,2020-05-12,
1648,fec64769,CHECKING,ACTIVE,2022-12-08,
1648,94c214e6,CHECKING,ACTIVE,2023-05-23,
1649,b0b667ea,CHECKING,INACTIVE,2025-05-21,2026-08-07
1649,d58dd5ae,CHECKING,ACTIVE,2020-05-12,
1650,3edbefa7,CREDIT,ACTIVE,2025-01-24,
1650,f961f8bd,SAVINGS,ACTIVE,2025-03-13,
1650,ab542943,SAVINGS,ACTIVE,2020-12-16,
1651,ae8d77b7,CREDIT,ACTIVE,2023-04-07,
1652,66e5aa06,CREDIT,ACTIVE,2022-12-05,
1653,0603ba3d,CREDIT,ACTIVE,2021-11-26,
1653,00d42a7b,CREDIT,ACTIVE,2021-11-11,
1654,ec1ba265,CHECKING,ACTIVE,2021-01-19,
1655,e5a0cac7,SAVINGS,ACTIVE,2022-04-21,
1655,86851bca,SAVINGS,ACTIVE,2025-01-04,
1656,6c69b25e,SAVINGS,ACTIVE,2021-08-05,
1656,7d2f25e0,CREDIT,ACTIVE,2023-12-21,
1656,bed3335c,CREDIT,ACTIVE,2023-03-23,
1657,daec1170,SAVINGS,ACTIVE,2025-01-01,
1657,406f38ba,SAVINGS,ACTIVE,2025-06-06,
1658,0d93958b,SAVINGS,ACTIVE,2020-09-22,
1658,b98899fc,CHECKING,ACTIVE,2022-12-22,
1659,eb69bdd9,CREDIT,ACTIVE,2021-12-12,
1659,04671886,CHECKING,ACTIVE,2020-11-20,
1659,041c13a1,CREDIT,ACTIVE,2024-03-13,
1660,9ef12730,CHECKING,ACTIVE,2023-01-24,
1660,f6b3242a,SAVINGS,ACTIVE,2022-06-08,
1661,21759d46,SAVINGS,ACTIVE,2024-10-22,
1661,f8a1bbd2,CHECKING,ACTIVE,2025-04-16,
1662,f2b2e6e0,CREDIT,ACTIVE,2024-04-14,
1662,7be47594,CREDIT,INACTIVE,2022-08-28,2024-04-05
1662,4aaca0a9,SAVINGS,ACTIVE,2024-08-09,
1663,b306b287,CREDIT,ACTIVE,2020-06-05,
1664,2bf78940,SAVINGS,ACTIVE,2023-12-19,
1664,02208194,SAVINGS,ACTIVE,2023-03-31,
1665,6c2e1bc2,SAVINGS,ACTIVE,2021-03-09,
1665,844a1bee,CHECKING,ACTIVE,2023-04-12,
1666,8a29392c,SAVINGS,ACTIVE,2023-12-15,
1667,81789b07,CREDIT,ACTIVE,2021-05-04,
1667,620c0d84,CHECKING,ACTIVE,2024-11-18,
1668,4f11a627,SAVINGS,ACTIVE,2022-06-22,
1669,3d155d72,CREDIT,ACTIVE,2021-08-08,
1670,f1d31e71,SAVINGS,ACTIVE,2024-08-07,
1670,ee072cb5,CREDIT,INACTIVE,2021-12-10,2023-10-07
1670,37f89be6,CREDIT,ACTIVE,2021-01-29,
1671,aa5188d9,SAVINGS,INACTIVE,2024-02-27,2025-10-27
1672,724052bf,CHECKING,ACTIVE,2023-12-14,
1673,c5da33de,CHECKING,ACTIVE,2020-09-02,
1674,c236969c,CREDIT,ACTIVE,2022-03-03,
1674,08faacdb,CREDIT,INACTIVE,2024-09-17,2025-07-26
1675,3cceacaf,SAVINGS,ACTIVE,2021-01-22,
1676,4e8a244e,SAVINGS,ACTIVE,2025-01-26,
1676,f4317c3f,CREDIT,INACTIVE,2023-11-17,2025-07-11
1677,24e3a976,CREDIT,ACTIVE,2023-10-31,
1678,bb8740f2,SAVINGS,ACTIVE,2022-09-27,
1678,94b7eaec,CHECKING,ACTIVE,2023-12-30,
1678,0bfbc659,SAVINGS,ACTIVE,2021-04-06,
1679,4e2d20a6,CREDIT,ACTIVE,2021-06-02,
1680,8020f1a9,SAVINGS,ACTIVE,2022-02-08,
1681,16fe28bb,SAVINGS,ACTIVE,2023-09-05,
1681,cf268c81,SAVINGS,ACTIVE,2025-05-16,
1682,5e5196fa,CREDIT,ACTIVE,2020-07-09,
1683,0a31dbe4,CREDIT,ACTIVE,2024-02-07,
1683,37d30490,SAVINGS,INACTIVE,2022-06-15,2023-10-06
1684,aa6412f1,CREDIT,ACTIVE,2020-11-01,
1684,79bf4564,SAVINGS,ACTIVE,2023-08-29,
1685,e1118186,SAVINGS,ACTIVE,2023-06-27,
1685,4039b2c1,CREDIT,INACTIVE,2022-12-10,2025-08-24
1686,a76f1c0f,SAVINGS,ACTIVE,2022-05-23,
1686,316675ac,CHECKING,ACTIVE,2021-09-13,
1686,8921c0cd,CHECKING,ACTIVE,2023-06-11,
1687,06d05142,CHECKING,INACTIVE,2024-09-07,2026-06-14
1687,6321c9bd,CHECKING,ACTIVE,2022-09-23,
1687,30f6c06b,CHECKING,ACTIVE,2020-04-08,
1688,52df4dd8,SAVINGS,INACTIVE,2025-03-08,2026-05-16
1688,fb186e47,CREDIT,ACTIVE,2024-09-09,
1689,3c8b6d70,SAVINGS,ACTIVE,2021-08-23,
1690,038ba94f,CREDIT,ACTIVE,2023-01-10,
1690,76118188,CREDIT,ACTIVE,2023-11-26,
1691,c5be8776,CHECKING,ACTIVE,2021-02-09,
1692,c4704552,SAVINGS,INACTIVE,2025-07-07,2026-01-17
1692,84f564c2,SAVINGS,ACTIVE,2020-12-03,
1693,a6c340db,CHECKING,ACTIVE,2024-10-26,
1693,8bb2eb31,CHECKING,ACTIVE,2024-05-02,
1694,bc71955d,SAVINGS,ACTIVE,2025-08-11,
1694,4109e1d3,SAVINGS,ACTIVE,2024-04-18,
1695,34c55715,CREDIT,ACTIVE,2020-08-14,
1695,ab5ddc71,CREDIT,ACTIVE,2023-05-13,
1696,b21dace8,CHECKING,ACTIVE,2020-11-18,
1696,dfa3ae1a,SAVINGS,ACTIVE,2024-06-08,
1696,e434376c,CREDIT,ACTIVE,2020-09-15,
1697,dcb6f574,CHECKING,ACTIVE,2020-06-30,
1697,e6d1a5fc,CHECKING,ACTIVE,2023-01-16,
1698,c1b8c690,CHECKING,ACTIVE,2021-08-24,
1699,b499f456,CHECKING,INACTIVE,2020-12-28,2021-09-23
1699,3ad5cfe0,CREDIT,ACTIVE,2023-05-09,
1699,75940384,CHECKING,ACTIVE,2024-11-12,
1700,e039dc24,CHECKING,ACTIVE,2023-05-02,
1700,c46a56ca,CHECKING,INACTIVE,2021-07-21,2022-07-01
1701,04973730,CHECKING,ACTIVE,2024-01-16,
1702,cf685cac,CREDIT,ACTIVE,2021-03-21,
1702,48bc24ba,CHECKING,ACTIVE,2025-01-29,
1702,9a6721a2,CHECKING,ACTIVE,2021-04-09,
1703,0f1d1569,CREDIT,ACTIVE,2022-09-24,
1704,71db80d3,CREDIT,ACTIVE,2023-04-28,
1705,59f0b4a1,CHECKING,ACTIVE,2023-11-13,
1705,f6308675,SAVINGS,ACTIVE,2024-06-06,
1705,39d248d6,SAVINGS,ACTIVE,2024-11-17,
1706,88a53b02,CREDIT,ACTIVE,2023-03-04,
1707,43f49270,SAVINGS,ACTIVE,2022-11-26,
1707,59e5dd1f,SAVINGS,ACTIVE,2022-05-24,
1707,1e0a52b6,CREDIT,INACTIVE,2023-08-19,2025-04-10
1708,2dac38d7,CHECKING,INACTIVE,2020-07-27,2023-01-31
1708,18123e57,CREDIT,ACTIVE,2021-12-08,
1708,9ba17123,CREDIT,ACTIVE,2022-12-22,
1709,1dd8b0b7,SAVINGS,ACTIVE,2022-07-27,
1709,496ebb20,SAVINGS,ACTIVE,2022-07-06,
1709,eb4c0cd3,CHECKING,ACTIVE,2021-06-04,
1710,7387dc29,CREDIT,ACTIVE,2022-06-19,
1711,5de0beaa,SAVINGS,ACTIVE,2023-02-26,
1712,e403d160,CHECKING,ACTIVE,2025-02-08,
1712,82316ce9,CREDIT,INACTIVE,2022-11-12,2025-06-29
1712,1a2e054c,SAVINGS,ACTIVE,2024-07-15,
1713,9fb0d30b,CREDIT,ACTIVE,2024-04-05,
1713,63683b06,CREDIT,ACTIVE,2025-04-05,
1713,c303d3ae,CREDIT,ACTIVE,2022-05-19,
1714,059459d8,CREDIT,ACTIVE,2023-06-26,
1714,b99d32d9,SAVINGS,ACTIVE,2021-07-07,
1714,4dcea0fd,SAVINGS,ACTIVE,2020-12-27,
1715,9d45d090,CREDIT,ACTIVE,2025-06-16,
1716,c18b9222,SAVINGS,INACTIVE,2022-10-11,2024-10-27
1717,23cb75bd,CREDIT,ACTIVE,2021-11-11,
1717,6e9215bd,SAVINGS,INACTIVE,2021-06-04,2024-02-01
1718,201f6051,SAVINGS,ACTIVE,2020-10-30,
1719,0bf3a36d,SAVINGS,ACTIVE,2024-01-03,
1719,346616d0,CREDIT,ACTIVE,2021-12-10,
1719,6ac8ee1d,CREDIT,ACTIVE,2022-09-29,
1720,90dc6afc,CHECKING,ACTIVE,2022-05-02,
1720,db75610e,CHECKING,INACTIVE,2024-02-21,2025-12-29
1721,fd777b30,SAVINGS,ACTIVE,2020-07-16,
1721,3ea1639b,CREDIT,INACTIVE,2023-06-21,2025-04-04
1721,0b53de80,CHECKING,INACTIVE,2021-02-25,2023-07-12
1722,5879d1c7,CHECKING,INACTIVE,2022-06-22,2024-04-23
1722,96122ac4,SAVINGS,ACTIVE,2023-04-07,
1722,dd0ae5bf,CREDIT,ACTIVE,2022-04-21,
1723,4dd76d7c,SAVINGS,ACTIVE,2022-01-02,
1723,55c6d756,SAVINGS,ACTIVE,2021-06-12,
1723,f76b0cb4,CREDIT,ACTIVE,2024-05-29,
1724,8f1b0cca,CHECKING,ACTIVE,2025-03-15,
1725,d87417bf,SAVINGS,ACTIVE,2022-12-12,
1725,18f40898,SAVINGS,ACTIVE,2021-02-02,
1725,0580b495,CHECKING,ACTIVE,2022-10-31,
1726,13cf0c25,CHECKING,ACTIVE,2021-03-16,
1726,2d777717,CREDIT,ACTIVE,2020-07-11,
1727,5903be4c,SAVINGS,ACTIVE,2023-11-08,
1727,80d241fd,CHECKING,ACTIVE,2021-02-22,
1728,c09da836,CREDIT,ACTIVE,2020-07-18,
1728,32a36116,CHECKING,ACTIVE,2023-08-12,
1729,86c3083e,SAVINGS,ACTIVE,2023-06-27,
1729,3fc376c3,SAVINGS,ACTIVE,2021-09-26,
1729,499d3b3a,CHECKING,ACTIVE,2021-02-08,
1730,36d493b9,CHECKING,ACTIVE,2023-12-05,
1731,e30ee987,SAVINGS,ACTIVE,2024-11-19,
1731,8e268566,SAVINGS,ACTIVE,2024-12-02,
1731,57ac9dda,SAVINGS,ACTIVE,2024-10-02,
1732,1db70e52,CHECKING,INACTIVE,2025-01-26,2026-11-12
1732,a9434164,SAVINGS,ACTIVE,2021-06-02,
1732,d5b5b060,CREDIT,ACTIVE,2022-03-07,
1733,93d850e5,SAVINGS,ACTIVE,2023-08-14,
1733,2ac67e63,CREDIT,INACTIVE,2023-12-20,2024-05-23
1733,8758ddbb,SAVINGS,ACTIVE,2023-06-17,
1734,b8494c7b,CHECKING,ACTIVE,2021-08-20,
1735,11eaa23a,SAVINGS,ACTIVE,2024-01-02,
1735,a19f8ac3,CREDIT,ACTIVE,2023-06-03,
1735,f149ba8d,CHECKING,ACTIVE,2024-03-18,
1736,a1ccee26,CHECKING,ACTIVE,2022-11-13,
1736,50df3820,SAVINGS,INACTIVE,2024-08-06,2026-12-22
1737,f9bb9e9a,CHECKING,ACTIVE,2022-06-30,
1738,48e2c118,SAVINGS,ACTIVE,2025-01-03,
1738,d9ba2d42,CHECKING,ACTIVE,2021-07-12,
1738,cf829d5e,CHECKING,ACTIVE,2022-01-30,
1739,20b0630d,CREDIT,ACTIVE,2024-06-21,
1740,41180768,CHECKING,ACTIVE,2023-03-07,
1740,979a51a9,CHECKING,ACTIVE,2021-03-29,
1740,c3a903cf,CREDIT,ACTIVE,2023-07-13,
1741,01b9dc48,CHECKING,ACTIVE,2020-10-25,
1741,92e83831,CREDIT,ACTIVE,2024-11-25,
1742,f3fc8167,CREDIT,ACTIVE,2020-10-21,
1742,82dcdea8,CREDIT,ACTIVE,2024-04-22,
1743,12fb0a9d,CHECKING,ACTIVE,2022-04-09,
1744,9ceb8d7d,CREDIT,ACTIVE,2020-08-04,
1744,f49f1f2f,CHECKING,ACTIVE,2020-11-05,
1745,378b402b,SAVINGS,ACTIVE,2024-01-02,
1745,7e531c4a,CREDIT,ACTIVE,2020-10-05,
1745,63009e0b,CHECKING,ACTIVE,2021-08-19,
1746,3dc327dd,CREDIT,ACTIVE,2024-03-16,
1747,5223fbdb,CREDIT,ACTIVE,2025-05-24,
1747,be796ed5,CREDIT,ACTIVE,2024-11-09,
1748,a2cac9ce,CHECKING,ACTIVE,2024-11-26,
1749,b89afa00,CREDIT,INACTIVE,2020-10-21,2022-03-22
1749,df3f1461,CHECKING,ACTIVE,2020-11-23,
1750,10cf0432,SAVINGS,ACTIVE,2023-03-24,
1750,4219ad6b,CHECKING,INACTIVE,2025-06-28,2027-06-11
1750,4eb9c1ae,SAVINGS,ACTIVE,2023-06-19,
1751,17779941,CHECKING,INACTIVE,2023-10-16,2024-11-16
1752,96830eda,CHECKING,ACTIVE,2022-10-15,
1753,918bb88f,SAVINGS,ACTIVE,2025-03-16,
1754,5c0a8544,CREDIT,ACTIVE,2020-06-15,
1754,16ae35b7,CHECKING,INACTIVE,2021-07-29,2022-03-30
1754,c2581a09,CREDIT,ACTIVE,2020-05-10,
1755,2d682348,CREDIT,ACTIVE,2023-05-08,
1756,d8b58273,SAVINGS,ACTIVE,2023-06-18,
1756,7d54367c,SAVINGS,ACTIVE,2025-05-12,
1757,e4296e67,SAVINGS,ACTIVE,2022-07-14,
1758,a24215ac,SAVINGS,ACTIVE,2023-04-12,
1758,d46662ce,CHECKING,ACTIVE,2023-11-14,
1759,e6f491a2,CREDIT,ACTIVE,2021-04-19,
1760,1a1e36ed,SAVINGS,ACTIVE,2020-11-05,
1761,43affdc9,SAVINGS,ACTIVE,2024-12-25,
1761,036fe8c7,CHECKING,ACTIVE,2023-01-23,
1762,435069b2,SAVINGS,ACTIVE,2023-10-17,
1763,a0ae3ebf,CHECKING,INACTIVE,2022-08-11,2024-12-11
1764,dba27235,CREDIT,ACTIVE,2023-09-25,
1764,adea15d8,CHECKING,ACTIVE,2024-08-16,
1765,26af2b32,SAVINGS,ACTIVE,2022-04-22,
1766,566c130b,SAVINGS,ACTIVE,2021-10-05,
1766,97a305ae,CREDIT,ACTIVE,2023-10-13,
1766,d7db4cd3,SAVINGS,ACTIVE,2023-10-12,
1767,d99a0ce1,SAVINGS,INACTIVE,2020-11-03,2021-05-18
1767,19b8fc1c,CREDIT,ACTIVE,2024-01-22,
1768,c507daa8,SAVINGS,INACTIVE,2022-10-04,2024-05-19
1768,47daeb77,CHECKING,INACTIVE,2021-11-20,2022-07-13
1769,b943ba22,CREDIT,ACTIVE,2024-02-11,
1769,1cab1066,CREDIT,ACTIVE,2020-05-01,
1769,40fbee16,CHECKING,ACTIVE,2025-01-01,
1770,dc182a72,CREDIT,ACTIVE,2022-01-17,
1770,f2d3e5aa,CREDIT,ACTIVE,2025-02-19,
1771,616a55b6,CREDIT,ACTIVE,2021-08-07,
1771,ae7663cc,CREDIT,ACTIVE,2021-11-22,
1772,620cef47,SAVINGS,ACTIVE,2022-04-08,
1772,9da6ae27,SAVINGS,INACTIVE,2023-08-28,2023-12-26
1773,77120659,CREDIT,ACTIVE,2021-02-14,
1773,82b8578f,SAVINGS,INACTIVE,2021-01-19,2021-09-27
1774,52e8af91,SAVINGS,ACTIVE,2025-06-16,
1775,428ff434,CHECKING,ACTIVE,2023-11-02,
1775,c4113987,SAVINGS,ACTIVE,2023-07-12,
1776,2cb83a6b,CHECKING,ACTIVE,2022-02-27,
1776,736de3c9,CREDIT,ACTIVE,2022-04-11,
1776,720b2c3c,SAVINGS,ACTIVE,2022-08-19,
1777,5416a180,CHECKING,ACTIVE,2024-03-10,
1778,032881a5,CHECKING,ACTIVE,2025-05-25,
1779,16def243,CREDIT,ACTIVE,2023-02-17,
1780,c980fc61,CREDIT,ACTIVE,2021-10-03,
1781,8452d509,CHECKING,ACTIVE,2025-03-10,
1782,fe5d6866,CHECKING,ACTIVE,2023-10-10,
1782,2557c76f,SAVINGS,ACTIVE,2022-05-12,
1783,47cbae60,CREDIT,ACTIVE,2024-08-13,
1783,7cc670f2,CREDIT,ACTIVE,2023-06-04,
1784,fc787987,CHECKING,ACTIVE,2024-04-10,
1784,08835f8c,SAVINGS,ACTIVE,2023-05-07,
1785,484ae7d0,CHECKING,INACTIVE,2020-09-17,2021-06-30
1786,ccac279b,CREDIT,ACTIVE,2022-05-04,
1786,ce1f3cc7,SAVINGS,ACTIVE,2024-07-13,
1787,7e548e03,SAVINGS,ACTIVE,2023-03-10,
1787,32124146,CHECKING,ACTIVE,2021-04-04,
1787,9f3c64e7,SAVINGS,ACTIVE,2022-01-30,
1788,008939bc,SAVINGS,ACTIVE,2025-04-10,
1788,db6b5ff6,CREDIT,ACTIVE,2021-05-29,
1789,166fc897,CREDIT,ACTIVE,2025-04-28,
1789,8690134e,SAVINGS,ACTIVE,2025-04-09,
1789,eb85c2e9,CHECKING,ACTIVE,2023-11-18,
1790,2f2a981a,CREDIT,ACTIVE,2022-05-04,
1790,3b3b5dc1,CREDIT,ACTIVE,2021-03-18,
1790,6c962131,SAVINGS,ACTIVE,2025-02-06,
1791,200cc3e1,CREDIT,ACTIVE,2024-09-26,
1791,3c046874,CHECKING,ACTIVE,2024-03-31,
1791,b9797493,CHECKING,INACTIVE,2020-04-24,2020-08-21
1792,319b1cf8,CHECKING,INACTIVE,2022-09-07,2023-06-20
1792,f4f516ad,CREDIT,ACTIVE,2023-02-26,
1792,82aa05c2,CHECKING,INACTIVE,2020-06-26,2022-09-15
1793,97ef595f,CREDIT,ACTIVE,2021-02-18,
1794,80133831,CHECKING,ACTIVE,2022-06-18,
1795,e563f90a,CHECKING,ACTIVE,2022-01-11,
1796,c038c53c,CREDIT,ACTIVE,2023-02-21,
1796,ed2b3688,CHECKING,ACTIVE,2021-02-04,
1796,83b82fa4,CHECKING,ACTIVE,2024-10-24,
1797,91f96a87,SAVINGS,ACTIVE,2022-06-12,
1798,f0f8185b,CREDIT,ACTIVE,2023-08-11,
1798,9d59d31e,CHECKING,ACTIVE,2021-01-04,
1799,c4a93586,CHECKING,ACTIVE,2022-10-07,
1799,0340e46a,SAVINGS,ACTIVE,2025-06-23,
1799,5a7160c5,CREDIT,ACTIVE,2022-05-28,
1800,cb8c25fd,CHECKING,ACTIVE,2023-01-02,
1801,20ce7ca6,CREDIT,ACTIVE,2024-01-31,
1801,abf03fbc,CHECKING,ACTIVE,2023-07-15,
1801,170bf8b3,CREDIT,ACTIVE,2021-02-02,
1802,019853f5,SAVINGS,ACTIVE,2021-03-12,
1802,2a705c92,CHECKING,ACTIVE,2021-07-25,
1803,b2c93d7c,CREDIT,ACTIVE,2021-08-01,
1803,c2a7a446,SAVINGS,ACTIVE,2024-01-16,
1803,38f56c58,CHECKING,ACTIVE,2025-02-22,
1804,44ee55a6,CREDIT,ACTIVE,2025-01-04,
1804,1b1480ef,SAVINGS,ACTIVE,2022-10-07,
1805,638bc112,CREDIT,ACTIVE,2021-09-01,
1805,b96e4758,CREDIT,ACTIVE,2025-02-25,
1805,dacce448,SAVINGS,ACTIVE,2022-03-16,
1806,cfc947a3,CREDIT,ACTIVE,2021-08-14,
1807,780ba326,SAVINGS,ACTIVE,2020-10-14,
1807,511f7a30,CHECKING,ACTIVE,2022-03-08,
1807,fda932b2,CREDIT,ACTIVE,2023-05-07,
1808,8dc6b333,CHECKING,ACTIVE,2023-06-14,
1809,2cc5fcf2,CREDIT,ACTIVE,2023-06-21,
1810,3d1d7475,CREDIT,ACTIVE,2024-08-23,
1810,d152c4b8,CREDIT,ACTIVE,2022-10-29,
1810,2a7d3713,CREDIT,ACTIVE,2024-09-12,
1811,9edd81b3,CREDIT,ACTIVE,2023-12-27,
1811,e3858b65,SAVINGS,ACTIVE,2021-02-28,
1811,2320e168,SAVINGS,ACTIVE,2024-11-03,
1812,89a1d020,SAVINGS,ACTIVE,2024-07-03,
1812,60c3892d,CHECKING,ACTIVE,2024-07-16,
1812,8423d772,CREDIT,ACTIVE,2025-06-13,
1813,a475b2c6,CREDIT,ACTIVE,2022-11-02,
1813,bbd8b12e,CHECKING,ACTIVE,2020-05-14,
1813,43db4901,CHECKING,ACTIVE,2025-07-10,
1814,4f5601d1,CREDIT,ACTIVE,2023-03-12,
1814,99aa68c8,SAVINGS,ACTIVE,2024-10-12,
1814,d0127e85,SAVINGS,ACTIVE,2025-06-25,
1815,7e3a0787,CREDIT,ACTIVE,2024-07-06,
1816,1d074821,CREDIT,ACTIVE,2023-04-02,
1816,a8c7e382,CHECKING,ACTIVE,2020-12-30,
1816,b03a2c71,CREDIT,ACTIVE,2023-04-24,
1817,94dc3763,SAVINGS,INACTIVE,2025-05-23,2025-09-27
1817,884b75ed,CREDIT,ACTIVE,2020-10-16,
1818,403beb69,CREDIT,ACTIVE,2022-08-28,
1819,038c8d33,CHECKING,ACTIVE,2024-07-05,
1820,d123ecfd,SAVINGS,ACTIVE,2022-11-02,
1820,627d42fd,CHECKING,ACTIVE,2021-04-13,
1820,798b4939,SAVINGS,ACTIVE,2024-08-03,
1821,7ab76922,CHECKING,ACTIVE,2021-04-12,
1822,58898178,CHECKING,ACTIVE,2024-02-12,
1822,7da7866f,CHECKING,ACTIVE,2020-09-04,
1823,2eb877e5,CREDIT,ACTIVE,2020-06-09,
1823,59ce941d,CHECKING,ACTIVE,2020-06-21,
1823,17d54852,CREDIT,ACTIVE,2024-08-14,
1824,0a530855,CREDIT,INACTIVE,2022-10-13,2023-05-20
1824,46481ce0,CREDIT,INACTIVE,2021-11-16,2023-05-16
1825,b4505713,CREDIT,ACTIVE,2023-03-07,
1825,9cec8283,CREDIT,ACTIVE,2023-06-19,
1826,e6675c0b,SAVINGS,INACTIVE,2025-05-30,2027-02-13
1826,d8894c57,SAVINGS,ACTIVE,2024-08-08,
1826,7047f5d0,CREDIT,ACTIVE,2022-03-13,
1827,aa2ddbbe,SAVINGS,ACTIVE,2025-01-13,
1827,872ef3e4,SAVINGS,ACTIVE,2023-07-24,
1828,8752c7e5,CREDIT,ACTIVE,2020-12-25,
1828,3d370d4f,CREDIT,ACTIVE,2022-11-25,
1828,c9c36091,CREDIT,ACTIVE,2020-12-02,
1829,0ee58457,CHECKING,ACTIVE,2022-09-23,
1829,42af96c7,CREDIT,ACTIVE,2025-02-17,
1829,269b3c6a,CREDIT,ACTIVE,2024-01-29,
1830,b2b367ac,CHECKING,INACTIVE,2020-07-24,2021-06-01
1831,85ae322f,CHECKING,INACTIVE,2020-08-29,2022-03-27
1832,ca1e22d3,CREDIT,ACTIVE,2023-08-04,
1832,2747d168,CREDIT,ACTIVE,2020-04-05,
1832,581f9b6d,CREDIT,ACTIVE,2022-01-09,
1833,2f501473,CREDIT,ACTIVE,2025-05-26,
1833,fde339cd,CHECKING,ACTIVE,2025-05-18,
1833,3f8a6902,SAVINGS,INACTIVE,2020-08-06,2021-04-13
1834,b8352b7b,CHECKING,ACTIVE,2022-06-20,
1834,4648147f,CHECKING,ACTIVE,2025-02-02,
1834,a83b78d6,CREDIT,ACTIVE,2024-10-08,
1835,47dba22f,CREDIT,ACTIVE,2024-10-03,
1835,fbcb1c08,CREDIT,ACTIVE,2024-10-29,
1836,c701b75f,CHECKING,ACTIVE,2022-06-28,
1837,e676f24d,CREDIT,INACTIVE,2022-11-04,2023-10-07
1837,fe126a9d,CHECKING,ACTIVE,2023-12-29,
1837,1c9bd9ce,CREDIT,ACTIVE,2020-03-22,
1838,126a068b,SAVINGS,INACTIVE,2024-09-24,2026-10-01
1839,ed74fc4d,CHECKING,INACTIVE,2025-06-25,2028-02-18
1839,2ebc8ad6,SAVINGS,ACTIVE,2022-10-20,
1840,60cfbfad,CREDIT,ACTIVE,2022-12-29,
1840,39adfbe4,CHECKING,ACTIVE,2023-06-18,
1841,097729fa,SAVINGS,ACTIVE,2022-09-20,
1842,bee53ce2,CHECKING,ACTIVE,2024-08-23,
1842,adcd4509,SAVINGS,ACTIVE,2023-05-20,
1843,93c216ac,CREDIT,ACTIVE,2024-07-16,
1843,79d66db5,CHECKING,INACTIVE,2021-07-10,2023-03-09
1844,b008e34e,CHECKING,INACTIVE,2022-04-11,2022-10-25
1845,bd6d7165,SAVINGS,ACTIVE,2020-11-28,
1845,bb4eccec,SAVINGS,INACTIVE,2025-03-11,2026-06-07
1845,c7782af5,SAVINGS,ACTIVE,2024-05-22,
1846,148bf692,CHECKING,ACTIVE,2021-08-04,
1846,477035ce,CHECKING,ACTIVE,2024-03-21,
1846,ae4398ba,CHECKING,ACTIVE,2021-03-03,
1847,43927cde,SAVINGS,ACTIVE,2023-05-12,
1848,1e2c6fda,CHECKING,ACTIVE,2023-11-28,
1848,1ad12fd5,SAVINGS,ACTIVE,2022-03-14,
1849,f5abf7d5,CREDIT,ACTIVE,2023-02-24,
1850,8c403ac3,CREDIT,ACTIVE,2025-07-09,
1850,c22a7d7b,CHECKING,INACTIVE,2022-05-27,2023-05-17
1851,c4c9ecbc,CHECKING,ACTIVE,2023-05-08,
1851,6fce0653,SAVINGS,ACTIVE,2024-01-20,
1852,4cca29e9,CHECKING,INACTIVE,2023-03-17,2025-10-24
1852,8abbe5bc,SAVINGS,ACTIVE,2021-05-01,
1853,a41a6678,SAVINGS,ACTIVE,2022-04-01,
1854,997f2030,SAVINGS,INACTIVE,2023-10-29,2025-08-31
1854,721ef367,SAVINGS,ACTIVE,2022-12-12,
1854,881a3eea,CREDIT,ACTIVE,2024-04-03,
1855,8dea45c4,CREDIT,ACTIVE,2025-07-22,
1855,6a7bd4bb,CHECKING,ACTIVE,2024-10-12,
1856,69a9f6cc,CREDIT,ACTIVE,2021-12-02,
1856,27951203,CREDIT,ACTIVE,2024-06-05,
1857,2e67353e,CHECKING,ACTIVE,2023-03-23,
1857,aa320077,SAVINGS,ACTIVE,2022-05-26,
1858,a3ba1f15,SAVINGS,ACTIVE,2020-10-09,
1859,585497f7,SAVINGS,ACTIVE,2022-03-25,
1859,d3fc4043,CHECKING,ACTIVE,2023-08-21,
1860,a996b0e9,CREDIT,ACTIVE,2024-09-20,
1860,36f88bf7,CHECKING,ACTIVE,2021-11-22,
1861,7596df9d,CHECKING,ACTIVE,2021-12-22,
1861,98c8fb10,CREDIT,ACTIVE,2021-01-03,
1862,4916aab6,SAVINGS,ACTIVE,2024-04-17,
1862,6bedb520,CREDIT,ACTIVE,2024-08-18,
1862,039d3d6e,CREDIT,ACTIVE,2022-01-09,
1863,342e3249,CHECKING,ACTIVE,2021-02-24,
1864,60256249,CREDIT,INACTIVE,2021-09-15,2022-04-04
1864,a2b256c5,CREDIT,ACTIVE,2024-07-12,
1864,6e185fe7,SAVINGS,INACTIVE,2021-04-09,2023-04-07
1865,f67fc642,SAVINGS,INACTIVE,2024-04-20,2026-12-01
1865,94006204,SAVINGS,ACTIVE,2025-05-08,
1866,999924ff,CHECKING,ACTIVE,2024-09-27,
1866,9b0001da,CHECKING,ACTIVE,2025-02-19,
1867,358445a8,SAVINGS,ACTIVE,2025-07-15,
1867,d0f6fd67,SAVINGS,ACTIVE,2024-02-13,
1867,770d9331,SAVINGS,ACTIVE,2021-04-25,
1868,56c30488,CHECKING,ACTIVE,2022-05-25,
1868,5afc0a1e,CHECKING,ACTIVE,2022-05-23,
1869,e9036ed6,CHECKING,ACTIVE,2023-12-18,
1870,ab0a99c1,SAVINGS,ACTIVE,2024-08-18,
1871,8c6ad694,CHECKING,ACTIVE,2023-08-11,
1872,f12fcb92,SAVINGS,ACTIVE,2022-05-28,
1872,ad98f20d,CHECKING,ACTIVE,2024-01-10,
1872,7fbc37d6,CHECKING,ACTIVE,2023-12-26,
1873,88d558d6,CREDIT,ACTIVE,2025-02-04,
1873,bb673895,CHECKING,ACTIVE,2023-05-31,
1874,28bcf2f1,SAVINGS,ACTIVE,2022-03-13,
1874,9ef9aaf7,SAVINGS,ACTIVE,2023-01-14,
1875,7f034dc1,CREDIT,ACTIVE,2024-07-14,
1875,4e93ece5,SAVINGS,ACTIVE,2025-07-18,
1876,04b528b9,CREDIT,ACTIVE,2022-07-27,
1876,3ed95dd8,SAVINGS,INACTIVE,2020-06-18,2022-11-11
1877,d25b19c7,SAVINGS,ACTIVE,2023-07-07,
1878,4bdcbc1d,CHECKING,ACTIVE,2022-12-22,
1879,6b60f502,CHECKING,ACTIVE,2025-01-18,
1879,e67cc7d0,CHECKING,INACTIVE,2023-10-04,2025-08-21
1880,9c2f2cdf,SAVINGS,ACTIVE,2022-04-14,
1881,78d0d1d4,SAVINGS,ACTIVE,2022-07-24,
1881,14a05939,CREDIT,ACTIVE,2024-02-28,
1881,024c9db0,CREDIT,ACTIVE,2022-05-29,
1882,f3e56b26,CHECKING,ACTIVE,2024-06-27,
1882,dfccd8de,CREDIT,ACTIVE,2022-02-13,
1882,643d3098,CREDIT,ACTIVE,2020-04-27,
1883,f86738c6,SAVINGS,ACTIVE,2020-04-04,
1884,f82173df,SAVINGS,ACTIVE,2022-03-31,
1884,61713529,SAVINGS,ACTIVE,2021-05-04,
1885,6a0e0d08,CHECKING,ACTIVE,2023-10-15,
1885,43898786,CREDIT,ACTIVE,2023-07-19,
1885,1038f250,CHECKING,ACTIVE,2025-05-09,
1886,9ed5a901,SAVINGS,ACTIVE,2023-04-02,
1886,94e816c0,CHECKING,ACTIVE,2025-02-09,
1886,0b72dcda,SAVINGS,ACTIVE,2022-08-08,
1887,4aca7cf4,CREDIT,ACTIVE,2021-06-22,
1887,8976f7e5,CREDIT,ACTIVE,2021-11-05,
1887,bad0973f,SAVINGS,ACTIVE,2023-07-25,
1888,bdecca3a,CHECKING,ACTIVE,2021-02-19,
1889,e63679cf,CREDIT,ACTIVE,2022-12-10,
1890,98458fb0,CHECKING,ACTIVE,2021-09-14,
1890,2a2a4b9b,CREDIT,ACTIVE,2022-09-13,
1890,3d1ab5bd,CREDIT,INACTIVE,2021-09-01,2022-09-18
1891,a4c5d46b,CREDIT,ACTIVE,2024-12-26,
1892,35e57ac2,CREDIT,ACTIVE,2024-04-10,
1893,7ea466ce,SAVINGS,ACTIVE,2020-04-15,
1893,71b6cc34,CHECKING,ACTIVE,2023-05-14,
1894,cb7e1bb0,CHECKING,INACTIVE,2025-06-24,2026-06-19
1894,28ef028d,CREDIT,ACTIVE,2024-04-16,
1894,5dbb1c2d,CREDIT,ACTIVE,2020-03-29,
1895,b5179a4a,CREDIT,ACTIVE,2024-06-08,
1895,bca35173,CHECKING,ACTIVE,2022-02-24,
1896,5767f889,CREDIT,ACTIVE,2021-01-12,
1897,75d0af70,CREDIT,ACTIVE,2025-02-13,
1898,85aa8c8a,CHECKING,ACTIVE,2024-12-16,
1898,b553ab97,CREDIT,ACTIVE,2023-11-14,
1898,0cbaa3ee,CREDIT,ACTIVE,2020-12-27,
1899,f0a0d2db,SAVINGS,ACTIVE,2022-01-01,
1899,e92b5c38,CREDIT,ACTIVE,2022-08-15,
1899,bab881af,SAVINGS,ACTIVE,2025-05-09,
1900,6606f697,CHECKING,ACTIVE,2024-04-24,
1900,dc3cb8c8,CHECKING,ACTIVE,2025-05-17,
1900,77550e2d,CREDIT,INACTIVE,2025-01-22,2025-10-07
1901,6fe95ad0,CREDIT,ACTIVE,2021-08-20,
1902,1520c270,SAVINGS,ACTIVE,2022-12-19,
1902,242d4f61,CREDIT,ACTIVE,2025-04-20,
1902,b722b4f7,CREDIT,INACTIVE,2025-05-23,2026-12-02
1903,8b53529e,SAVINGS,ACTIVE,2022-03-24,
1903,ef3ae9d9,CHECKING,ACTIVE,2023-03-19,
1904,90fbfbe5,CREDIT,ACTIVE,2021-03-19,
1905,f75fa506,SAVINGS,ACTIVE,2025-05-30,
1905,1096952a,SAVINGS,ACTIVE,2021-12-03,
1906,5f77d952,SAVINGS,ACTIVE,2021-07-20,
1906,075ceaed,CHECKING,ACTIVE,2022-01-08,
1906,078ff12c,CREDIT,INACTIVE,2024-10-02,2025-02-28
1907,295d9b57,CREDIT,ACTIVE,2021-01-30,
1907,6bbcace7,CHECKING,ACTIVE,2022-08-18,
1907,f724cfb7,CREDIT,ACTIVE,2023-07-13,
1908,954fe7ed,SAVINGS,ACTIVE,2025-02-09,
1908,73fefca1,CREDIT,ACTIVE,2023-01-09,
1908,831709e0,CREDIT,ACTIVE,2021-03-02,
1909,9571f2a9,SAVINGS,ACTIVE,2022-08-31,
1909,2a4c1f34,CHECKING,INACTIVE,2021-09-27,2022-06-12
1910,73f1f926,CREDIT,ACTIVE,2020-07-28,
1910,c25ccc8d,CHECKING,ACTIVE,2022-12-15,
1910,69d246f4,SAVINGS,ACTIVE,2025-06-01,
1911,2d7063f0,SAVINGS,ACTIVE,2023-11-06,
1912,4016c2fc,CREDIT,ACTIVE,2021-09-30,
1912,d3bb2a4d,CHECKING,ACTIVE,2024-09-10,
1912,0aad0b99,CREDIT,ACTIVE,2025-06-04,
1913,0b6f1cb7,SAVINGS,ACTIVE,2021-08-13,
1914,db34a75c,CREDIT,ACTIVE,2021-01-02,
1914,c057f38b,SAVINGS,ACTIVE,2022-02-09,
1914,5500d63f,SAVINGS,ACTIVE,2020-06-15,
1915,2c4ac123,CREDIT,ACTIVE,2022-07-05,
1915,edfa99e1,CREDIT,ACTIVE,2021-08-05,
1916,df61b729,SAVINGS,ACTIVE,2021-04-27,
1917,bb97d778,CHECKING,INACTIVE,2025-01-05,2025-11-08
1918,364c0599,CREDIT,ACTIVE,2020-04-11,
1918,c6ff342e,CHECKING,ACTIVE,2025-04-03,
1919,f048927f,CREDIT,ACTIVE,2022-12-24,
1919,e13567be,SAVINGS,ACTIVE,2021-07-14,
1919,c5bde7a2,CHECKING,INACTIVE,2020-11-11,2022-05-26
1920,bbb65f83,CHECKING,ACTIVE,2023-04-01,
1920,bb623722,SAVINGS,ACTIVE,2025-01-05,
1920,ac5a71ab,CREDIT,ACTIVE,2025-01-27,
1921,c78db044,SAVINGS,ACTIVE,2023-09-28,
1922,dc27f03c,CREDIT,ACTIVE,2020-06-12,
1922,237be76f,SAVINGS,ACTIVE,2021-04-01,
1923,8d2a5f8a,CHECKING,ACTIVE,2022-05-15,
1923,57ef4761,CHECKING,ACTIVE,2022-04-26,
1923,a4700cef,CHECKING,ACTIVE,2023-05-12,
1924,a34b8d2d,CHECKING,ACTIVE,2023-04-25,
1924,66fe8b0e,SAVINGS,ACTIVE,2021-04-04,
1925,dea6d4a0,CHECKING,ACTIVE,2023-04-04,
1925,2f725550,CREDIT,ACTIVE,2024-08-14,
1926,2bd0a92b,CREDIT,INACTIVE,2023-08-31,2026-02-21
1927,12ff128d,CREDIT,ACTIVE,2020-08-09,
1927,07d20cb7,CREDIT,ACTIVE,2024-05-23,
1927,b401555f,CREDIT,ACTIVE,2025-05-26,
1928,b2eee801,CREDIT,ACTIVE,2022-03-01,
1929,4f6a57e6,CREDIT,INACTIVE,2023-05-30,2024-11-23
1929,451556c2,CREDIT,ACTIVE,2021-12-10,
1930,0b21eea6,SAVINGS,ACTIVE,2021-06-02,
1930,a09e4554,CREDIT,ACTIVE,2023-03-31,
1931,c5b44b22,CHECKING,ACTIVE,2023-11-02,
1931,8a895680,SAVINGS,ACTIVE,2021-09-17,
1931,461af93c,CREDIT,ACTIVE,2021-10-13,
1932,c83c46e0,CREDIT,ACTIVE,2021-04-20,
1932,9869c744,CREDIT,ACTIVE,2021-10-22,
1933,101bdab9,CHECKING,INACTIVE,2024-07-18,2025-03-12
1934,9c08695b,SAVINGS,ACTIVE,2021-01-30,
1934,887174d5,SAVINGS,ACTIVE,2022-12-23,
1934,4e4980eb,CHECKING,ACTIVE,2024-09-21,
1935,94ba49c4,CHECKING,INACTIVE,2022-05-27,2025-01-22
1935,6c9ddf70,CHECKING,ACTIVE,2024-07-09,
1936,c0b73527,CHECKING,ACTIVE,2022-03-05,
1937,9d874a00,SAVINGS,INACTIVE,2024-10-16,2026-11-20
1937,6c165a28,CREDIT,ACTIVE,2024-08-12,
1937,0b0223cf,CHECKING,ACTIVE,2023-04-19,
1938,bca00c97,SAVINGS,ACTIVE,2024-09-01,
1938,369f945d,SAVINGS,ACTIVE,2023-12-18,
1938,9635ea1a,CHECKING,ACTIVE,2020-08-24,
1939,cf3d708e,CREDIT,ACTIVE,2023-07-10,
1939,8dbd03d3,CREDIT,ACTIVE,2022-01-17,
1940,be301a5b,CREDIT,ACTIVE,2023-02-17,
1940,a25c2c9c,SAVINGS,INACTIVE,2025-02-25,2025-07-01
1940,7d8e6c25,CHECKING,ACTIVE,2020-04-04,
1941,1069d2c5,CREDIT,ACTIVE,2022-07-16,
1941,5a076a62,CHECKING,ACTIVE,2024-05-14,
1941,2d5325cc,CREDIT,ACTIVE,2023-12-26,
1942,25b1d01a,CHECKING,ACTIVE,2024-09-02,
1942,a0737415,CREDIT,ACTIVE,2020-09-28,
1942,8ae68dc0,SAVINGS,INACTIVE,2024-05-06,2025-02-12
1943,d83214a6,CREDIT,ACTIVE,2024-06-15,
1943,4bfb5309,CREDIT,ACTIVE,2024-03-02,
1943,445fc42c,CREDIT,ACTIVE,2021-11-30,
1944,e6768d82,SAVINGS,ACTIVE,2023-04-29,
1945,f4069279,SAVINGS,ACTIVE,2021-07-12,
1946,e592a818,CHECKING,ACTIVE,2022-02-20,
1946,92d48618,CREDIT,ACTIVE,2023-04-22,
1946,9e945fa8,CREDIT,ACTIVE,2022-10-09,
1947,23ffc884,CHECKING,ACTIVE,2025-07-14,
1947,63989bd8,CREDIT,ACTIVE,2025-05-30,
1947,5a7c274f,SAVINGS,ACTIVE,2024-11-27,
1948,40ba32dd,CREDIT,ACTIVE,2020-10-02,
1948,396c2d8b,SAVINGS,ACTIVE,2020-11-24,
1949,82c003ac,CREDIT,ACTIVE,2025-06-04,
1949,541b33ff,CREDIT,ACTIVE,2024-03-08,
1950,e3cd6105,CHECKING,INACTIVE,2023-02-28,2023-11-03
1950,438c26fa,SAVINGS,ACTIVE,2023-05-31,
1950,0723b5c6,CREDIT,ACTIVE,2021-02-12,
1951,a62d7feb,CREDIT,ACTIVE,2023-11-16,
1951,5abaa386,SAVINGS,ACTIVE,2021-08-23,
1951,f789d12d,CHECKING,ACTIVE,2025-03-20,
1952,12c1739e,CREDIT,ACTIVE,2024-03-30,
1953,e02aa72a,CHECKING,ACTIVE,2022-07-13,
1953,b1c57261,SAVINGS,ACTIVE,2023-02-17,
1953,5a369445,SAVINGS,ACTIVE,2020-03-26,
1954,348214f8,CHECKING,ACTIVE,2023-08-17,
1954,b0011e63,SAVINGS,ACTIVE,2021-05-26,
1954,d30376f5,CHECKING,ACTIVE,2022-08-31,
1955,a1b8730f,SAVINGS,ACTIVE,2020-06-26,
1955,ca01289e,SAVINGS,ACTIVE,2022-06-27,
1955,ec2b4d0b,CHECKING,ACTIVE,2024-03-09,
1956,19e8d034,CREDIT,ACTIVE,2022-06-27,
1956,a84705b4,SAVINGS,ACTIVE,2021-02-02,
1957,2c9fd9e2,SAVINGS,ACTIVE,2020-06-14,
1957,720f35e2,CREDIT,ACTIVE,2022-12-01,
1957,2a64a88f,CREDIT,ACTIVE,2022-02-20,
1958,56ac6774,CREDIT,ACTIVE,2021-11-23,
1958,5e1e983b,CREDIT,ACTIVE,2025-04-07,
1959,43d5c574,SAVINGS,INACTIVE,2023-01-20,2025-09-29
1959,392db800,CHECKING,ACTIVE,2020-09-02,
1959,eb1827c1,CREDIT,ACTIVE,2024-07-17,
1960,d645d0f1,CREDIT,ACTIVE,2021-07-28,
1960,5543b8e0,SAVINGS,ACTIVE,2023-03-20,
1960,f4ef44c8,CREDIT,ACTIVE,2023-02-05,
1961,5ff701d3,CREDIT,ACTIVE,2023-11-28,
1961,f6ebfc48,SAVINGS,INACTIVE,2025-03-01,2027-08-06
1962,b0f6e936,CREDIT,ACTIVE,2025-03-25,
1962,5e9bdaeb,CHECKING,ACTIVE,2024-08-07,
1963,19ad4521,CREDIT,INACTIVE,2024-05-25,2026-01-20
1963,8a3254d7,CREDIT,ACTIVE,2024-06-08,
1964,643d5728,CREDIT,ACTIVE,2020-03-25,
1964,8ebf4625,CREDIT,ACTIVE,2024-07-01,
1964,b6eff5e8,CHECKING,ACTIVE,2023-06-09,
1965,5b7e200c,CREDIT,ACTIVE,2020-09-14,
1966,770a11c6,SAVINGS,ACTIVE,2022-05-06,
1966,5bebb01e,CREDIT,INACTIVE,2021-12-10,2022-09-25
1966,34e1de9a,CHECKING,ACTIVE,2021-09-12,
1967,ff7a15c3,CREDIT,INACTIVE,2023-09-15,2026-01-02
1967,dade0c65,SAVINGS,ACTIVE,2023-03-21,
1967,5f7a7fca,SAVINGS,ACTIVE,2024-07-29,
1968,17f9be9e,CREDIT,ACTIVE,2024-01-27,
1968,d165c52e,CHECKING,INACTIVE,2022-05-23,2024-08-20
1969,1d5938e4,CHECKING,ACTIVE,2025-04-29,
1970,2368a272,CHECKING,INACTIVE,2023-04-17,2025-02-13
1971,79277c84,CREDIT,ACTIVE,2024-06-04,
1971,ab581e39,CREDIT,ACTIVE,2024-01-29,
1972,d51e06c6,SAVINGS,ACTIVE,2021-04-15,
1972,a1d49bb0,SAVINGS,ACTIVE,2020-10-16,
1972,416a29d7,SAVINGS,ACTIVE,2022-01-04,
1973,36eafa5e,CREDIT,ACTIVE,2023-06-10,
1973,2cff76c2,CHECKING,ACTIVE,2021-01-19,
1974,5b3e2f99,CREDIT,ACTIVE,2024-11-18,
1975,a22e8980,CHECKING,ACTIVE,2021-02-06,
1975,3022accd,SAVINGS,ACTIVE,2023-05-05,
1975,bb314b45,CREDIT,ACTIVE,2022-01-18,
1976,b88210d6,SAVINGS,ACTIVE,2022-01-23,
1976,39406674,CHECKING,ACTIVE,2024-09-14,
1977,bb831c78,SAVINGS,ACTIVE,2020-12-04,
1977,d685d962,SAVINGS,ACTIVE,2024-06-28,
1978,2c43e6a8,SAVINGS,ACTIVE,2020-05-07,
1979,9b871773,CHECKING,ACTIVE,2021-08-09,
1980,d687094b,CREDIT,ACTIVE,2020-04-05,
1980,109257a7,CHECKING,INACTIVE,2021-12-12,2024-01-13
1981,f6044d20,CREDIT,ACTIVE,2022-09-19,
1981,998fb261,SAVINGS,ACTIVE,2022-01-19,
1981,ac7b4abb,SAVINGS,ACTIVE,2025-01-14,
1982,5f8dd284,SAVINGS,ACTIVE,2023-07-06,
1982,77267db4,CHECKING,ACTIVE,2025-01-10,
1982,b243183f,CHECKING,INACTIVE,2020-08-06,2022-10-20
1983,9e870f19,CHECKING,ACTIVE,2025-04-09,
1984,ec7d0850,CREDIT,INACTIVE,2023-03-27,2024-04-28
1985,8e339bc7,SAVINGS,ACTIVE,2024-12-21,
1986,bfe07a6a,CREDIT,ACTIVE,2023-03-31,
1987,1368c721,SAVINGS,ACTIVE,2021-11-24,
1987,7101deed,SAVINGS,ACTIVE,2023-12-03,
1988,2a05ec22,SAVINGS,ACTIVE,2023-05-31,
1989,d0fb368b,CREDIT,ACTIVE,2020-09-10,
1990,eb4c4396,SAVINGS,ACTIVE,2021-12-04,
1990,52b51b80,SAVINGS,ACTIVE,2025-01-05,
1991,c03226ec,SAVINGS,ACTIVE,2024-04-29,
1991,84d196f9,CHECKING,ACTIVE,2022-04-19,
1991,0b062837,CREDIT,ACTIVE,2024-06-16,
1992,ff6b52cc,CREDIT,ACTIVE,2022-09-27,
1993,286c92e1,CHECKING,ACTIVE,2021-05-29,
1994,62bb2481,SAVINGS,ACTIVE,2023-08-11,
1995,1fca1cc8,SAVINGS,ACTIVE,2021-08-18,
1996,3d680edf,CREDIT,ACTIVE,2023-11-30,
1997,200de5ea,SAVINGS,ACTIVE,2024-04-28,
1997,5d9a34d6,CHECKING,ACTIVE,2023-07-23,
1998,e13841aa,CHECKING,ACTIVE,2022-05-26,
1998,63f700cf,SAVINGS,ACTIVE,2021-02-04,
1998,646b2dba,CHECKING,ACTIVE,2022-08-08,
1999,102a6dd8,SAVINGS,ACTIVE,2020-08-03,
1999,f6f72470,SAVINGS,ACTIVE,2024-06-17,
2000,06165e0b,CREDIT,ACTIVE,2022-02-13,
2000,9da8e471,SAVINGS,INACTIVE,2020-03-28,2021-03-21
2000,3513825f,CREDIT,ACTIVE,2023-03-12,
